record_id,rate your satisfaction with the school s program,your level of motivation for joining ensia,how much do you like the field of artificial intelligence,how well do you handle stress and pressure,in a scale of 1 to 10 how do you rate your level in the following fields 1 english,2 programming,3 computer science,4 mathematics,year_ordinal,inferred_year_from_grades,1y average s1,1y average s2,1y average,gender_encoded,study_year_encoded,bac_specialty_encoded,how many hours per week do you spend studying personnal efforts_encoded,study_place_encoded,study_style_encoded,learning_methods_encoded,what types of resources do you use most_encoded,use_schedule_encoded,for the next 8 questions you will have a list of problems obstacles classify them according to how much they influence your studies 1 first_encoded,2 second_encoded,3 third_encoded,4 fourth_encoded,5 fifth_encoded,6 sixth_encoded,7 seventh_encoded,8 eighth_encoded,other problems that you face_encoded,do you engage in any external activities not related to the study field_encoded,how do other s feedback influence you_encoded,sleep_hours_encoded,4 forth_encoded,how do others feedbacks influence you_encoded,1y foundational mathematics_encoded,1y dsa1_encoded,1y digital systems_encoded,1y information technology essentials_encoded,1y english 1_encoded,1y cpsct_encoded,1y oop_encoded,1y introduction to linux_encoded,1y linear algebra_encoded,1y mathematical analysis 1_encoded,1y introduction to statistics_encoded,1y english 2_encoded,1y intensive english_encoded,1y seminar_encoded,1y analysis i_encoded,1y algebra_encoded,1y a com i_encoded,1y intro prog c_encoded,1y analysis ii_encoded,1y a com ii_encoded,1y proba stat_encoded
1,3.0,4.0,5.0,2.0,7.0,8.0,6.0,4.0,2,1.0,11.0,8.0,9.0,1,2,2,0,0,0,22,16,0,1,4,2,6,0,3,5,7,8,1,2,2,1,3,2,2,1,2,2,2,2,1,2,2,1,2,0,0,0,1,0,1,0,0,1
2,1.0,2.0,2.0,1.0,5.0,5.0,3.0,9.0,2,1.0,10.0,10.0,10.0,0,2,0,1,2,0,54,36,1,5,4,2,7,1,5,0,3,8,1,2,1,1,3,0,0,1,1,2,0,0,1,3,3,0,2,0,0,0,1,0,1,0,0,1
3,3.0,3.0,4.0,4.0,6.0,4.0,5.0,7.0,2,1.0,10.0,11.0,10.0,0,2,2,0,3,0,14,31,1,1,4,2,6,0,7,5,0,8,1,0,1,1,3,0,0,1,1,2,0,0,1,3,3,0,2,0,0,0,1,0,1,0,0,1
4,3.0,5.0,5.0,3.0,8.0,8.0,8.0,7.0,2,2.0,11.0,9.0,10.0,1,2,0,0,2,2,54,34,0,5,2,4,1,5,0,5,3,8,1,1,2,1,3,2,0,2,0,0,2,0,1,1,2,0,0,0,0,0,1,0,1,0,0,1
5,3.0,5.0,4.0,3.0,7.0,6.0,6.0,2.0,2,1.0,11.0,9.0,10.0,1,2,1,0,2,0,54,34,0,1,2,6,4,5,3,7,0,8,1,0,1,1,3,2,0,2,0,0,2,2,2,1,1,2,0,0,0,0,1,0,1,0,0,1
6,3.0,4.0,5.0,3.0,7.0,7.0,5.0,3.0,3,2.0,11.0,10.0,10.0,0,3,0,0,2,0,22,31,1,3,2,1,6,5,0,3,7,4,0,1,2,0,3,2,2,2,0,0,2,0,2,1,2,1,0,0,0,0,1,0,1,0,0,1
7,2.0,4.0,5.0,5.0,6.0,3.0,2.0,5.0,2,1.0,12.0,8.0,10.0,0,2,1,1,3,0,25,6,0,6,4,1,1,6,0,3,5,8,0,2,1,2,0,2,2,2,0,0,0,2,2,1,2,1,0,0,0,0,1,0,1,0,0,1
8,2.0,2.0,2.0,1.0,6.0,3.0,5.0,2.0,2,1.0,12.0,9.0,10.0,1,2,2,0,3,0,54,36,0,0,4,3,5,7,6,2,1,8,1,0,1,1,3,2,2,0,0,0,0,1,2,1,4,2,2,0,0,0,1,0,1,0,0,1
9,2.0,2.0,2.0,4.0,8.0,5.0,5.0,6.0,2,1.0,12.0,9.0,10.0,0,2,2,0,3,0,23,36,0,3,2,1,3,6,0,7,5,8,0,0,2,1,3,3,2,2,2,0,0,2,0,1,1,2,0,0,0,0,1,0,1,0,0,1
10,3.0,4.0,5.0,3.0,8.0,7.0,8.0,8.0,2,1.0,13.0,8.0,10.0,0,2,1,3,2,0,6,26,1,2,6,1,1,0,3,7,5,8,0,2,0,4,3,3,2,2,2,0,0,1,0,2,1,2,0,0,0,0,1,2,1,1,0,2
11,2.0,5.0,4.0,2.0,7.0,4.0,4.0,6.0,2,1.0,13.0,9.0,10.0,0,2,0,5,2,1,5,26,0,5,4,2,1,0,3,5,3,8,0,2,1,1,3,3,2,2,2,0,0,2,0,1,1,2,0,2,0,0,1,2,2,1,0,4
12,2.0,3.0,4.0,5.0,8.0,6.0,6.0,6.0,2,2.0,13.0,9.0,10.0,1,2,0,0,2,1,23,34,0,6,4,1,6,2,5,3,5,0,1,2,1,1,3,2,1,1,0,0,2,2,0,2,0,2,0,2,0,0,1,2,2,1,0,4
13,3.0,4.0,4.0,3.0,8.0,5.0,6.0,6.0,2,1.0,10.0,12.0,11.0,0,2,1,0,3,1,40,8,0,3,2,6,5,0,1,6,3,8,0,0,1,1,3,2,0,2,2,0,2,0,0,4,1,1,0,2,0,0,1,2,2,1,0,4
14,1.0,5.0,1.0,1.0,4.0,8.0,7.0,9.0,2,1.0,11.0,10.0,11.0,1,2,0,5,1,0,6,29,0,5,7,4,1,2,3,0,5,8,1,2,1,1,0,2,0,2,2,0,0,0,0,2,1,1,0,0,1,0,0,2,2,0,1,1
15,2.0,2.0,5.0,5.0,10.0,8.0,8.0,3.0,3,1.0,11.0,12.0,11.0,1,3,0,0,3,0,45,18,1,2,6,4,2,2,2,2,2,4,1,2,2,0,3,2,0,2,2,0,0,0,0,2,1,1,0,0,1,0,0,2,2,0,1,1
16,3.0,4.0,5.0,3.0,8.0,8.0,8.0,6.0,2,1.0,12.0,10.0,11.0,0,2,1,2,3,0,39,13,1,0,2,6,5,4,1,7,3,8,1,1,2,1,3,2,0,1,0,0,0,2,0,1,1,1,0,0,1,0,0,2,2,0,1,1
17,3.0,1.0,4.0,5.0,8.0,3.0,3.0,7.0,2,1.0,12.0,10.0,11.0,1,2,1,0,3,2,0,36,0,4,6,1,4,2,0,7,3,8,1,2,2,1,3,0,2,1,2,0,2,2,2,1,1,0,2,0,1,0,0,2,2,0,1,1
18,3.0,5.0,4.0,3.0,6.0,8.0,8.0,7.0,3,2.0,12.0,10.0,11.0,1,3,0,0,2,0,0,16,0,4,2,6,1,4,7,0,3,13,1,2,2,0,3,0,2,2,2,1,2,0,2,2,0,2,1,0,1,0,0,2,2,0,1,1
19,2.0,3.0,3.0,4.0,6.0,5.0,3.0,3.0,2,1.0,12.0,10.0,11.0,0,2,0,1,3,0,30,2,1,2,1,6,1,0,7,3,5,8,1,2,1,4,0,0,2,2,2,1,3,2,2,2,0,2,1,0,0,0,1,2,2,0,0,1
20,3.0,4.0,4.0,3.0,8.0,7.0,8.0,6.0,2,1.0,12.0,10.0,11.0,0,2,0,1,0,0,20,13,0,2,4,8,6,0,1,5,1,23,1,2,1,1,3,2,2,2,0,3,3,2,2,2,1,0,0,0,0,0,1,2,2,0,0,1
21,2.0,3.0,5.0,2.0,7.0,5.0,5.0,3.0,2,1.0,12.0,11.0,11.0,1,2,0,0,0,0,0,36,0,5,2,1,1,5,7,0,3,8,1,2,1,4,3,2,2,2,0,3,0,0,2,2,1,0,0,0,0,1,1,2,2,0,0,2
22,2.0,2.0,4.0,1.0,5.0,6.0,5.0,7.0,2,1.0,12.0,11.0,11.0,1,2,0,0,3,0,7,19,0,5,2,4,1,1,7,5,3,8,1,2,2,0,3,2,2,2,0,3,0,0,2,2,1,0,0,1,0,0,0,1,0,0,1,1
23,2.0,5.0,5.0,4.0,8.0,5.0,6.0,7.0,2,1.0,12.0,11.0,11.0,0,2,0,3,2,0,5,36,1,2,6,4,1,0,7,3,5,8,0,2,1,1,1,2,2,2,0,3,0,2,2,2,1,0,0,0,0,0,1,0,2,0,0,1
24,2.0,5.0,3.0,2.0,10.0,6.0,4.0,5.0,2,1.0,12.0,11.0,11.0,0,2,0,2,3,0,13,13,1,3,2,5,1,6,0,7,3,24,1,2,1,1,3,2,2,2,2,3,0,2,2,2,1,2,3,0,0,0,1,0,2,0,0,1
25,3.0,4.0,4.0,3.0,7.0,6.0,6.0,8.0,2,1.0,12.0,11.0,11.0,0,2,1,1,3,0,0,36,1,3,2,0,1,6,7,3,5,8,0,2,1,1,3,2,2,2,2,3,0,2,2,2,1,2,3,0,0,0,1,2,1,0,0,0
26,2.0,3.0,5.0,3.0,9.0,6.0,6.0,9.0,2,1.0,12.0,11.0,11.0,0,2,1,3,3,0,0,18,0,4,2,4,1,1,0,7,3,8,0,2,1,6,1,2,2,2,2,3,0,2,2,2,1,2,3,0,0,0,1,2,2,1,2,2
27,3.0,3.0,4.0,3.0,6.0,5.0,5.0,5.0,2,1.0,12.0,11.0,11.0,0,2,0,0,2,1,12,36,0,2,4,6,1,0,7,5,3,8,1,2,2,1,3,0,0,2,0,0,2,2,0,2,2,2,0,0,0,0,1,2,2,1,2,2
28,2.0,3.0,5.0,1.0,7.0,5.0,6.0,7.0,2,2.0,12.0,11.0,11.0,0,2,1,1,2,0,53,22,1,3,2,1,7,7,0,3,5,8,1,2,1,1,3,0,0,2,0,0,2,2,0,2,2,2,0,0,0,0,1,2,2,1,2,2
29,3.0,4.0,3.0,2.0,6.0,6.0,6.0,7.0,3,2.0,12.0,11.0,11.0,1,3,0,1,3,2,40,34,0,2,4,1,5,7,6,0,3,4,1,2,1,0,3,0,0,2,0,0,2,2,0,2,2,2,0,0,0,0,1,2,2,1,2,2
30,2.0,4.0,3.0,3.0,5.0,4.0,4.0,5.0,3,2.0,13.0,9.0,11.0,1,3,1,0,3,0,37,22,0,4,1,4,2,6,7,0,3,4,0,2,1,0,3,2,2,2,2,2,0,2,2,1,2,2,2,0,0,0,1,2,2,1,2,2
31,3.0,3.0,5.0,3.0,7.0,6.0,6.0,6.0,2,1.0,13.0,9.0,11.0,0,2,1,1,2,0,5,19,1,3,2,6,1,0,1,5,3,8,1,2,2,7,3,2,2,2,2,2,0,1,2,2,2,2,2,0,0,0,1,0,1,1,0,2
32,3.0,3.0,5.0,3.0,7.0,6.0,6.0,5.0,2,1.0,13.0,10.0,11.0,0,2,0,0,0,0,28,7,1,2,4,1,1,3,0,2,2,8,0,2,2,5,1,2,2,2,2,2,0,0,2,1,2,2,2,0,0,0,1,2,2,0,0,1
33,3.0,4.0,3.0,2.0,8.0,7.0,8.0,6.0,2,1.0,13.0,10.0,11.0,0,2,1,1,3,0,29,28,1,0,2,4,1,1,7,3,5,8,1,2,1,6,1,2,2,2,2,2,0,0,2,1,2,2,2,0,0,0,1,0,2,1,0,2
34,2.0,5.0,4.0,1.0,7.0,5.0,3.0,4.0,2,1.0,13.0,10.0,11.0,0,2,0,0,0,0,5,27,1,4,4,2,1,1,6,3,7,8,1,2,1,0,0,2,2,2,2,2,0,2,2,1,2,2,2,2,0,0,1,0,2,1,2,2
35,1.0,1.0,5.0,1.0,10.0,6.0,7.0,8.0,2,1.0,13.0,10.0,11.0,0,2,1,5,3,0,5,26,0,5,2,4,1,1,5,3,7,8,0,2,0,0,1,2,2,2,2,2,0,2,2,1,2,2,2,0,0,0,1,0,2,0,0,2
36,2.0,4.0,4.0,3.0,7.0,5.0,4.0,4.0,2,1.0,13.0,10.0,11.0,0,2,1,5,2,0,25,2,1,1,4,2,1,0,5,7,3,8,0,2,1,6,1,2,2,2,2,2,0,2,2,2,2,2,2,0,0,0,1,0,2,1,2,1
37,2.0,4.0,2.0,4.0,8.0,5.0,5.0,8.0,2,1.0,13.0,10.0,11.0,0,2,0,2,2,0,2,4,0,3,6,2,1,5,1,7,3,8,1,2,1,0,3,2,2,2,2,2,0,2,2,2,2,2,2,0,0,0,0,2,2,0,0,2
38,3.0,5.0,5.0,5.0,9.0,6.0,6.0,8.0,2,1.0,13.0,10.0,11.0,0,2,1,1,3,0,9,26,1,5,2,1,1,4,0,7,5,8,0,2,1,2,3,2,2,2,2,2,0,2,2,2,2,2,2,2,0,0,1,0,2,1,2,2
39,2.0,3.0,5.0,2.0,8.0,6.0,6.0,5.0,2,1.0,13.0,10.0,11.0,0,2,1,0,0,0,2,7,0,3,2,6,1,5,0,7,3,8,0,2,2,1,3,2,2,2,2,2,0,2,2,2,2,2,2,2,0,0,1,0,2,1,0,2
40,2.0,2.0,3.0,3.0,6.0,6.0,6.0,4.0,2,1.0,12.0,11.0,12.0,0,2,1,2,0,0,6,4,1,2,6,4,1,5,0,7,3,8,0,2,1,1,3,2,2,2,2,2,0,0,2,1,2,2,2,0,0,0,1,0,0,0,2,2
41,2.0,3.0,3.0,3.0,8.0,6.0,4.0,4.0,2,1.0,12.0,11.0,12.0,1,2,0,1,2,0,20,34,0,2,1,4,6,0,3,7,5,8,1,0,1,1,3,2,2,2,2,3,0,0,0,2,1,2,3,0,0,0,1,0,0,0,2,2
42,2.0,2.0,5.0,1.0,7.0,5.0,6.0,8.0,2,1.0,12.0,11.0,12.0,0,2,0,0,3,0,24,25,1,2,0,4,1,6,5,3,7,8,0,2,1,1,1,2,2,2,2,3,2,0,0,2,1,2,3,0,0,0,1,0,2,0,0,2
43,3.0,5.0,5.0,4.0,6.0,6.0,7.0,7.0,2,1.0,12.0,12.0,12.0,0,2,0,0,2,1,16,22,0,1,4,6,2,0,5,3,7,8,0,1,1,1,3,0,0,2,2,0,0,2,0,2,2,2,2,0,0,0,1,0,2,0,0,2
44,2.0,5.0,5.0,2.0,7.0,7.0,8.0,5.0,2,1.0,12.0,12.0,12.0,1,2,2,2,3,0,16,16,0,5,2,8,5,0,1,7,3,8,0,1,1,1,3,2,2,0,0,0,2,0,0,2,2,2,0,0,0,0,1,0,2,0,0,2
45,2.0,2.0,3.0,1.0,7.0,2.0,5.0,2.0,4,3.0,12.0,12.0,12.0,0,1,2,0,3,0,39,13,1,3,1,6,3,2,5,7,0,29,1,2,1,8,2,2,2,1,2,0,2,1,1,2,2,2,0,0,0,0,1,0,2,0,0,2
46,2.0,1.0,1.0,1.0,9.0,5.0,6.0,7.0,2,1.0,12.0,12.0,12.0,0,2,1,1,3,0,39,34,0,3,1,2,5,6,7,0,3,18,1,2,2,1,3,2,1,0,3,2,4,0,3,3,0,0,2,0,0,0,1,0,2,0,0,2
47,3.0,4.0,5.0,1.0,7.0,6.0,6.0,6.0,2,1.0,12.0,13.0,12.0,0,2,1,1,2,0,39,30,1,4,4,1,2,6,0,7,3,7,0,2,1,1,3,2,2,2,2,0,0,0,0,2,2,2,0,0,0,0,1,0,2,0,0,2
48,2.0,3.0,3.0,3.0,6.0,7.0,7.0,8.0,3,2.0,12.0,13.0,12.0,1,3,0,0,2,0,39,32,0,3,7,2,1,6,5,0,3,4,1,2,1,0,3,2,0,2,2,2,2,2,0,2,2,2,0,0,0,0,1,0,2,0,0,2
49,3.0,5.0,5.0,2.0,3.0,5.0,5.0,5.0,2,1.0,13.0,11.0,12.0,0,2,0,1,3,0,36,7,0,6,1,0,1,6,3,4,5,8,1,2,0,2,1,2,0,2,2,2,0,0,0,1,2,2,0,0,0,0,1,0,2,0,0,2
50,2.0,3.0,3.0,2.0,9.0,6.0,7.0,7.0,2,1.0,13.0,11.0,12.0,0,2,1,1,3,0,35,4,1,3,2,6,1,0,5,7,3,8,0,2,1,1,3,2,0,2,2,2,0,0,0,2,2,2,0,0,0,0,1,2,2,0,0,0
51,2.0,2.0,5.0,3.0,7.0,3.0,2.0,8.0,2,1.0,13.0,11.0,12.0,0,2,0,1,3,0,1,7,1,0,3,2,1,6,1,7,5,8,0,2,1,4,3,2,0,2,2,2,0,2,0,2,2,2,0,0,0,1,1,0,2,0,2,0
52,2.0,5.0,5.0,3.0,5.0,5.0,4.0,6.0,2,1.0,13.0,11.0,12.0,0,2,1,5,2,0,25,7,0,3,6,1,1,7,3,5,5,8,1,2,1,2,1,2,0,2,2,2,0,2,0,2,2,2,0,0,0,0,0,0,0,0,0,2
53,2.0,2.0,4.0,2.0,8.0,6.0,7.0,7.0,2,1.0,13.0,11.0,12.0,1,2,0,0,2,0,27,2,0,2,5,4,1,0,6,7,3,8,1,2,1,1,3,2,0,2,2,2,0,2,0,2,2,2,0,2,0,0,1,0,0,0,2,2
54,2.0,4.0,5.0,2.0,9.0,4.0,5.0,7.0,2,1.0,13.0,11.0,12.0,1,2,0,1,2,0,5,7,0,1,5,4,1,0,2,3,7,8,0,2,1,4,3,2,0,2,2,2,2,2,0,0,2,2,0,2,0,0,1,0,2,1,1,2
55,3.0,2.0,3.0,2.0,7.0,5.0,3.0,4.0,2,1.0,13.0,11.0,12.0,0,2,1,2,2,0,38,34,0,2,4,1,5,0,3,6,7,8,0,0,2,1,3,2,2,1,0,0,2,2,2,1,1,2,0,2,0,0,1,0,2,1,1,2
56,2.0,1.0,1.0,3.0,8.0,7.0,9.0,8.0,2,1.0,13.0,11.0,12.0,0,2,1,1,3,0,0,13,1,3,3,6,2,5,5,1,7,8,0,1,2,1,3,0,2,2,2,0,2,0,2,2,1,2,0,2,0,0,1,0,2,1,1,2
57,3.0,5.0,5.0,3.0,8.0,7.0,6.0,5.0,2,1.0,13.0,11.0,12.0,1,2,0,2,3,0,38,13,1,2,1,0,3,4,5,6,7,8,0,1,1,1,3,0,2,2,2,0,2,0,2,2,1,2,0,2,0,0,1,0,2,1,1,2
58,2.0,3.0,5.0,3.0,6.0,7.0,7.0,6.0,3,2.0,13.0,12.0,12.0,1,3,1,0,3,0,44,34,0,5,2,1,4,7,1,5,3,4,0,1,1,0,3,2,0,2,2,0,0,0,2,2,0,2,0,2,0,0,1,0,2,1,1,2
59,2.0,3.0,4.0,3.0,7.0,7.0,8.0,5.0,2,1.0,13.0,12.0,12.0,1,2,0,5,0,1,5,26,0,3,6,2,1,0,5,3,7,8,0,2,2,1,1,2,0,2,2,0,0,0,2,2,0,2,0,0,0,0,0,0,2,0,2,2
60,4.0,5.0,4.0,5.0,8.0,7.0,8.0,8.0,2,1.0,13.0,12.0,12.0,0,2,0,2,2,0,13,10,1,3,2,1,6,0,5,7,3,20,1,1,2,1,3,0,2,3,0,3,3,2,3,2,1,2,3,0,0,0,0,0,2,0,2,2
61,2.0,5.0,4.0,1.0,8.0,3.0,3.0,6.0,2,1.0,14.0,10.0,12.0,0,2,0,0,3,1,0,19,0,1,6,0,1,2,7,5,3,8,1,2,1,4,1,0,2,3,0,3,0,0,3,2,1,2,3,0,0,0,0,0,2,0,2,1
62,2.0,5.0,5.0,1.0,8.0,5.0,5.0,8.0,2,1.0,14.0,10.0,12.0,0,2,1,3,3,0,5,4,1,2,4,0,1,6,5,3,7,8,1,2,1,1,3,0,2,3,0,3,0,2,3,2,1,2,3,2,0,0,0,0,2,0,0,2
63,2.0,3.0,5.0,4.0,8.0,6.0,7.0,8.0,2,2.0,14.0,10.0,12.0,0,2,1,1,3,1,44,13,1,5,4,2,4,0,5,3,7,8,1,0,1,1,3,0,2,3,0,3,0,2,3,2,1,2,3,2,0,0,0,0,2,0,0,2
64,2.0,2.0,3.0,3.0,8.0,5.0,4.0,7.0,2,1.0,14.0,11.0,12.0,0,2,0,2,2,1,4,26,0,5,2,1,1,4,5,0,7,8,0,2,1,3,1,0,2,3,0,3,0,0,3,2,1,2,3,2,0,1,0,2,2,1,2,2
65,2.0,3.0,4.0,3.0,8.0,7.0,7.0,7.0,2,1.0,14.0,11.0,12.0,0,2,0,3,3,0,26,4,1,5,2,4,1,0,7,2,2,8,0,2,1,1,1,0,2,3,0,3,0,2,3,2,1,2,3,2,0,0,1,0,2,0,2,2
66,2.0,4.0,2.0,4.0,8.0,6.0,7.0,7.0,2,1.0,14.0,11.0,12.0,0,2,1,2,3,0,27,25,1,2,4,0,1,1,5,7,3,8,1,2,1,6,0,0,2,3,0,3,3,0,3,0,1,2,3,0,0,0,1,0,1,1,2,2
67,3.0,5.0,5.0,4.0,9.0,7.0,7.0,8.0,2,1.0,14.0,11.0,12.0,1,2,0,0,3,0,11,4,0,3,5,2,1,6,0,1,7,8,1,2,1,3,3,0,2,3,0,3,3,0,3,1,1,2,3,2,0,1,0,2,0,0,0,2
68,2.0,2.0,5.0,1.0,8.0,5.0,4.0,6.0,2,1.0,14.0,11.0,12.0,0,2,0,2,3,0,3,3,0,4,4,2,1,6,0,3,7,8,1,2,2,1,3,0,2,3,0,3,3,2,3,2,1,2,3,0,0,1,1,0,0,1,0,2
69,2.0,3.0,4.0,3.0,6.0,8.0,7.0,6.0,2,1.0,14.0,12.0,12.0,1,2,1,2,3,0,32,26,0,5,2,5,1,4,1,0,3,8,0,2,1,7,0,0,2,3,0,3,0,0,3,2,1,2,3,0,0,0,0,0,0,0,0,1
70,2.0,5.0,3.0,3.0,7.0,6.0,6.0,7.0,2,1.0,13.0,12.0,13.0,0,2,1,2,3,1,38,16,0,5,4,5,2,1,0,7,3,8,0,1,1,1,3,2,0,0,0,0,0,0,0,2,1,2,0,0,0,0,0,0,0,0,0,1
71,2.0,3.0,5.0,4.0,8.0,5.0,6.0,6.0,2,1.0,13.0,12.0,13.0,0,2,0,3,3,0,13,31,0,3,2,0,6,1,5,7,3,8,1,2,1,1,3,2,2,2,0,3,0,2,0,2,2,2,3,0,0,0,0,0,0,0,0,1
72,3.0,4.0,5.0,4.0,6.0,7.0,6.0,5.0,2,2.0,13.0,12.0,13.0,1,2,1,1,3,0,40,0,0,2,4,1,6,7,5,0,3,8,1,2,2,1,3,2,2,0,0,0,2,0,0,0,0,2,0,0,0,0,0,0,0,0,0,1
73,3.0,4.0,4.0,4.0,7.0,6.0,7.0,5.0,3,2.0,13.0,12.0,13.0,1,3,0,0,3,1,48,22,0,5,4,1,2,0,7,5,3,4,1,0,2,0,3,0,0,0,0,0,2,0,0,2,0,2,0,0,0,0,0,0,0,0,0,1
74,1.0,2.0,3.0,3.0,2.0,6.0,6.0,8.0,2,1.0,13.0,13.0,13.0,1,2,2,1,3,0,27,19,0,6,2,6,1,4,0,5,3,8,1,2,2,1,3,0,0,0,0,0,0,0,0,0,0,2,0,0,0,1,0,2,0,2,0,2
75,3.0,4.0,4.0,5.0,8.0,6.0,7.0,7.0,2,1.0,13.0,13.0,13.0,0,2,1,1,2,2,18,36,1,2,0,5,4,6,1,3,7,8,1,1,1,1,3,2,2,2,2,3,0,0,0,2,0,2,0,0,0,1,0,2,0,2,0,2
76,2.0,2.0,3.0,4.0,6.0,8.0,9.0,7.0,2,1.0,13.0,13.0,13.0,1,2,0,0,3,0,0,18,0,3,7,6,1,0,1,5,0,8,1,2,1,2,3,2,2,2,2,3,0,0,0,2,0,2,0,0,0,0,0,2,0,0,0,0
77,3.0,5.0,5.0,2.0,10.0,9.0,7.0,8.0,2,1.0,13.0,13.0,13.0,0,2,0,3,2,0,39,13,0,3,2,6,1,0,5,3,7,8,1,2,1,1,3,2,2,2,0,0,0,0,0,2,2,0,0,0,0,0,0,2,0,0,0,0
78,1.0,2.0,3.0,2.0,7.0,5.0,5.0,5.0,4,3.0,13.0,13.0,13.0,1,1,2,0,3,0,50,16,1,4,2,4,6,4,0,1,3,21,0,2,2,8,2,0,0,0,0,3,1,2,2,0,0,0,0,0,0,0,0,2,0,0,0,0
79,3.0,4.0,4.0,3.0,8.0,8.0,7.0,7.0,2,1.0,13.0,13.0,13.0,0,2,0,1,3,0,54,35,0,5,2,2,1,7,7,3,5,8,1,0,1,1,3,0,2,2,2,0,2,2,3,0,0,0,0,0,0,0,0,2,0,0,0,0
80,2.0,3.0,4.0,3.0,7.0,7.0,7.0,6.0,4,3.0,13.0,13.0,13.0,1,1,2,0,0,1,45,8,0,3,6,1,3,0,5,7,2,21,0,2,1,8,2,2,2,2,2,0,2,0,2,2,0,2,2,0,0,0,0,2,0,0,0,0
81,2.0,4.0,4.0,2.0,7.0,7.0,6.0,5.0,2,1.0,13.0,13.0,13.0,0,2,1,2,3,0,39,33,0,3,6,2,1,0,5,7,3,8,1,1,1,1,3,0,0,0,2,2,2,0,0,2,2,2,0,0,0,0,0,2,0,0,0,0
82,2.0,1.0,2.0,1.0,3.0,4.0,2.0,3.0,2,1.0,13.0,13.0,13.0,1,2,2,0,3,0,15,10,1,3,2,7,1,0,6,3,5,8,0,2,2,1,3,2,0,4,2,4,4,2,1,1,2,2,4,0,0,0,0,2,0,0,0,0
83,3.0,3.0,3.0,2.0,7.0,6.0,6.0,7.0,3,2.0,13.0,13.0,13.0,1,3,0,0,3,0,53,8,1,2,4,5,6,1,3,7,0,4,0,0,2,0,3,2,0,4,2,4,4,2,1,1,2,2,4,0,0,0,0,2,0,0,0,0
84,2.0,4.0,4.0,4.0,9.0,7.0,9.0,8.0,4,3.0,13.0,13.0,13.0,0,1,0,0,3,0,18,34,1,2,0,1,4,3,5,6,7,21,1,2,1,8,2,2,0,4,2,4,4,2,1,1,2,2,4,0,0,0,0,2,0,0,0,0
85,2.0,2.0,4.0,5.0,8.0,7.0,6.0,7.0,3,2.0,13.0,13.0,13.0,0,3,1,2,0,0,38,30,0,2,4,6,1,0,5,7,3,4,0,0,1,0,3,2,0,4,2,4,4,2,1,1,2,2,4,0,0,0,0,2,0,0,0,0
86,2.0,3.0,4.0,2.0,9.0,7.0,7.0,6.0,4,3.0,13.0,14.0,13.0,0,1,0,0,3,1,13,22,1,5,2,1,0,3,5,4,4,21,0,2,1,8,2,2,0,4,2,4,4,2,1,1,2,2,4,0,0,0,0,2,0,0,0,0
87,3.0,4.0,5.0,3.0,7.0,7.0,8.0,9.0,2,1.0,14.0,12.0,13.0,0,2,1,2,2,0,8,4,1,2,4,6,1,5,0,3,7,8,0,2,1,1,1,2,0,4,2,4,0,0,1,2,2,2,4,0,0,1,0,0,2,2,2,2
88,2.0,3.0,3.0,2.0,9.0,3.0,4.0,7.0,2,1.0,14.0,12.0,13.0,0,2,0,3,2,0,6,29,1,3,2,1,1,6,3,0,7,8,1,2,1,5,1,2,0,4,2,4,0,2,1,2,2,2,4,2,0,0,0,0,2,0,2,0
89,3.0,4.0,4.0,3.0,9.0,7.0,8.0,5.0,2,1.0,14.0,12.0,13.0,1,2,1,1,3,0,17,31,0,2,4,1,6,0,5,3,7,3,1,1,1,1,3,0,2,0,3,3,0,2,0,2,2,2,0,2,0,0,0,0,2,0,2,0
90,3.0,4.0,4.0,3.0,7.0,7.0,7.0,7.0,2,1.0,14.0,12.0,13.0,1,2,0,1,3,0,45,31,0,2,6,5,4,1,0,7,3,8,0,0,2,1,3,0,0,0,0,0,0,2,0,2,2,2,0,2,0,0,0,0,2,0,2,0
91,1.0,2.0,2.0,4.0,7.0,7.0,5.0,7.0,2,1.0,14.0,12.0,13.0,1,2,0,0,2,0,23,16,0,0,2,6,4,3,1,5,7,8,0,2,1,1,3,0,2,1,0,3,1,1,2,1,4,0,3,2,0,0,0,0,2,0,2,0
92,1.0,1.0,3.0,5.0,9.0,9.0,9.0,8.0,2,1.0,14.0,13.0,13.0,1,2,1,0,3,0,11,4,1,5,6,6,1,6,6,4,2,8,1,2,1,6,3,0,2,1,0,3,0,0,2,0,4,0,3,0,0,1,0,2,0,0,0,2
93,3.0,4.0,5.0,1.0,9.0,5.0,6.0,7.0,2,2.0,14.0,13.0,13.0,0,2,0,1,0,0,39,34,1,2,4,5,1,0,6,7,3,26,1,0,2,1,3,1,2,2,2,3,0,0,2,1,2,2,3,0,0,1,0,2,0,0,0,2
94,3.0,3.0,3.0,4.0,7.0,5.0,6.0,6.0,2,1.0,14.0,13.0,13.0,0,2,1,1,2,0,31,2,0,2,1,5,1,6,0,7,3,8,0,2,1,4,0,1,2,2,2,3,0,0,2,2,2,2,3,2,0,0,1,3,2,0,2,2
95,2.0,3.0,5.0,3.0,6.0,5.0,5.0,6.0,2,1.0,14.0,13.0,13.0,0,2,1,0,0,1,0,4,0,5,2,1,1,0,5,3,7,8,0,2,2,4,3,1,2,2,2,3,0,0,2,2,2,2,3,0,0,1,0,0,0,2,0,2
96,2.0,3.0,4.0,3.0,7.0,6.0,6.0,6.0,3,2.0,14.0,13.0,13.0,0,3,1,1,0,1,14,10,0,2,1,6,4,5,0,7,3,4,0,0,1,0,3,0,2,2,2,0,0,0,2,2,0,2,3,0,0,1,0,0,0,2,0,2
97,2.0,2.0,3.0,4.0,8.0,6.0,5.0,8.0,2,1.0,14.0,13.0,13.0,1,2,0,1,3,0,51,5,1,4,1,6,1,4,0,7,3,8,0,2,2,2,3,0,2,2,2,0,0,0,2,2,0,2,3,0,0,1,0,2,0,0,0,2
98,1.0,3.0,3.0,2.0,7.0,7.0,6.0,6.0,2,1.0,14.0,13.0,13.0,0,2,0,1,0,1,16,22,1,5,1,2,0,4,7,5,3,8,0,1,1,1,3,0,2,0,0,0,0,0,0,2,0,2,0,0,0,1,0,2,0,0,0,2
99,3.0,3.0,5.0,5.0,6.0,7.0,8.0,6.0,2,1.0,14.0,13.0,13.0,1,2,1,0,2,1,8,37,0,1,7,6,1,0,2,5,3,8,1,2,2,4,3,0,2,0,0,0,0,0,0,2,0,2,0,2,0,1,0,0,0,2,0,0
100,3.0,4.0,5.0,4.0,7.0,8.0,7.0,7.0,3,2.0,14.0,13.0,13.0,0,3,1,0,0,0,21,13,0,2,4,6,5,1,3,0,7,14,1,1,1,0,3,0,2,0,0,0,0,0,0,2,3,2,0,2,0,1,0,0,0,2,0,0
101,2.0,4.0,3.0,5.0,7.0,8.0,8.0,6.0,2,1.0,14.0,13.0,13.0,0,2,1,1,0,0,47,18,0,2,4,1,5,6,0,3,7,28,1,2,2,1,3,0,2,0,0,0,0,0,0,2,0,2,0,2,0,1,0,0,0,2,0,0
102,2.0,3.0,3.0,2.0,5.0,6.0,6.0,6.0,2,1.0,14.0,13.0,13.0,0,2,0,1,1,1,0,36,1,3,1,6,2,7,5,0,3,8,0,0,1,1,3,2,2,0,2,0,0,2,2,2,2,2,2,2,0,1,0,0,0,2,0,0
103,2.0,2.0,2.0,4.0,7.0,7.0,7.0,9.0,3,3.0,14.0,13.0,13.0,0,3,0,0,0,0,37,34,0,1,0,6,4,4,7,2,5,4,1,2,2,0,3,2,2,0,2,0,0,2,2,2,0,0,0,2,0,1,0,0,0,2,0,0
104,2.0,3.0,3.0,3.0,6.0,6.0,6.0,8.0,2,1.0,14.0,13.0,13.0,1,2,0,1,3,0,51,26,1,5,1,4,1,2,0,7,3,8,1,2,1,5,0,2,2,0,2,0,2,0,2,2,0,0,0,0,0,1,0,2,0,2,0,2
105,3.0,3.0,5.0,4.0,8.0,7.0,8.0,7.0,3,2.0,14.0,13.0,13.0,0,3,2,1,2,2,19,34,1,2,4,6,1,0,5,3,7,4,1,1,1,0,3,2,0,0,2,0,3,0,2,2,0,2,0,0,0,1,0,2,0,2,0,2
106,2.0,3.0,2.0,2.0,7.0,7.0,7.0,8.0,2,1.0,14.0,13.0,13.0,0,2,0,1,2,2,47,22,1,3,6,2,0,5,7,5,3,2,1,0,2,1,3,0,0,2,0,0,3,0,0,2,3,2,0,0,0,1,0,2,0,2,0,2
107,3.0,3.0,5.0,3.0,8.0,8.0,8.0,8.0,3,2.0,14.0,13.0,13.0,0,3,1,1,0,1,21,22,1,2,4,1,6,0,5,6,3,4,0,1,1,0,3,0,0,2,0,0,3,0,0,2,3,2,0,0,0,1,0,2,0,2,0,2
108,2.0,4.0,4.0,2.0,7.0,6.0,6.0,5.0,2,1.0,15.0,11.0,13.0,0,2,0,0,0,0,54,18,0,2,4,1,1,0,3,7,5,8,0,2,1,6,0,0,0,2,0,0,0,2,0,1,3,2,0,2,0,1,0,0,2,0,2,0
109,4.0,4.0,5.0,2.0,7.0,5.0,3.0,5.0,2,1.0,15.0,12.0,13.0,1,2,0,0,3,0,54,36,0,2,1,4,1,6,0,3,7,8,0,2,1,5,1,0,0,2,0,0,0,0,0,0,3,2,0,2,0,0,0,0,0,1,0,2
110,2.0,4.0,4.0,2.0,9.0,5.0,5.0,7.0,2,1.0,15.0,12.0,13.0,0,2,0,1,2,1,11,4,1,5,2,1,1,3,0,5,7,8,1,2,1,4,3,0,0,2,0,0,0,0,0,2,3,2,0,2,0,0,1,3,2,2,2,2
111,3.0,3.0,4.0,2.0,8.0,6.0,6.0,5.0,2,1.0,15.0,12.0,13.0,1,2,0,1,3,0,0,7,1,2,4,6,1,7,0,3,5,8,1,2,1,1,1,0,0,2,0,0,0,0,0,2,3,2,0,2,0,1,0,0,0,0,2,2
112,2.0,3.0,4.0,3.0,8.0,6.0,7.0,8.0,2,1.0,15.0,12.0,13.0,0,2,1,1,2,1,5,36,1,2,4,5,1,0,1,3,7,8,0,2,1,6,0,0,0,2,0,0,0,2,0,2,3,2,0,2,0,1,0,3,2,0,2,2
113,2.0,5.0,4.0,4.0,6.0,5.0,7.0,7.0,2,1.0,15.0,12.0,13.0,1,2,1,1,3,0,5,4,1,4,6,1,1,3,4,0,7,8,1,2,1,2,0,0,0,2,0,0,3,0,0,2,3,2,0,2,0,1,0,0,0,0,0,1
114,2.0,3.0,4.0,3.0,8.0,7.0,3.0,8.0,2,1.0,15.0,12.0,13.0,0,2,1,5,3,2,0,29,1,1,2,6,1,5,0,7,3,8,0,2,1,4,3,0,0,2,0,0,3,0,0,2,3,2,0,2,0,1,1,0,0,0,0,2
115,1.0,4.0,5.0,2.0,8.0,7.0,8.0,3.0,2,1.0,15.0,13.0,13.0,1,2,0,1,2,1,28,2,0,4,6,4,1,1,0,7,3,8,0,2,2,2,0,0,0,2,0,0,0,0,0,2,3,2,0,0,0,1,0,2,0,0,0,2
116,2.0,5.0,4.0,3.0,6.0,5.0,4.0,4.0,2,1.0,16.0,10.0,13.0,1,2,1,0,3,0,53,36,0,1,6,2,4,5,3,0,7,8,0,2,2,1,3,0,0,3,0,0,0,2,2,2,2,2,2,0,0,1,0,2,0,0,0,2
117,2.0,4.0,2.0,2.0,5.0,5.0,5.0,4.0,2,1.0,16.0,10.0,13.0,0,2,1,1,0,0,52,39,1,3,2,6,1,0,7,5,3,8,1,1,2,1,3,0,0,2,2,3,0,2,3,0,1,2,0,0,0,1,0,2,0,0,0,2
118,3.0,4.0,4.0,4.0,8.0,8.0,7.0,7.0,2,1.0,13.0,14.0,14.0,1,2,0,0,0,0,5,6,0,2,0,6,1,1,5,4,3,8,1,2,1,7,1,0,0,2,2,3,0,0,3,2,1,2,0,0,0,0,0,2,0,2,2,0
119,2.0,3.0,4.0,3.0,8.0,8.0,7.0,7.0,3,2.0,13.0,14.0,14.0,1,3,0,0,0,0,22,31,0,2,1,6,3,4,0,5,7,4,1,2,1,0,3,0,0,2,2,3,0,0,3,2,1,2,0,0,0,0,0,2,0,2,2,0
120,3.0,3.0,4.0,2.0,7.0,4.0,3.0,5.0,2,1.0,13.0,15.0,14.0,0,2,1,3,2,0,38,13,1,5,4,2,1,5,1,0,3,8,1,2,1,1,3,2,2,2,3,3,2,0,3,2,0,3,3,0,0,0,0,2,0,2,2,0
121,4.0,4.0,4.0,5.0,7.0,9.0,8.0,9.0,2,1.0,13.0,15.0,14.0,0,2,0,0,3,0,45,31,0,5,1,6,0,5,3,4,7,8,1,2,2,1,3,4,3,3,3,1,4,0,3,0,3,0,4,0,0,0,0,2,0,2,2,0
122,4.0,2.0,5.0,3.0,8.0,9.0,9.0,9.0,4,3.0,13.0,15.0,14.0,0,1,0,1,3,0,42,10,1,0,4,1,2,3,6,5,7,21,1,1,1,8,2,4,3,3,3,1,4,0,3,0,3,0,4,0,0,0,0,2,0,2,2,0
123,3.0,3.0,4.0,2.0,8.0,7.0,7.0,6.0,2,1.0,14.0,13.0,14.0,1,2,0,2,2,0,16,31,1,3,2,6,1,5,7,0,3,15,1,1,1,1,3,0,0,0,2,0,2,0,0,2,2,2,2,0,0,0,0,2,0,2,2,0
124,2.0,3.0,4.0,3.0,8.0,6.0,6.0,5.0,2,1.0,14.0,13.0,14.0,1,2,0,0,3,0,46,10,0,5,5,2,4,4,3,2,0,8,0,2,1,1,3,0,0,0,2,0,2,0,0,2,2,2,2,0,0,0,0,2,0,2,2,0
125,1.0,5.0,5.0,4.0,8.0,9.0,9.0,7.0,2,1.0,14.0,13.0,14.0,1,2,1,0,3,0,17,12,1,0,6,2,4,3,7,1,5,8,1,1,2,1,3,0,0,0,2,0,2,0,0,2,2,2,2,0,0,0,0,2,0,2,2,0
126,3.0,3.0,4.0,4.0,7.0,7.0,7.0,8.0,2,1.0,14.0,14.0,14.0,1,2,1,3,3,1,40,31,0,2,6,5,4,1,3,7,0,8,1,2,1,1,3,0,0,2,0,0,0,0,0,0,0,0,0,0,0,0,0,2,0,2,2,0
127,2.0,3.0,4.0,3.0,7.0,8.0,7.0,7.0,2,1.0,14.0,14.0,14.0,1,2,0,3,0,0,38,31,0,4,1,6,7,4,0,2,3,8,0,0,1,1,3,0,2,0,3,0,0,0,0,0,2,0,0,0,0,0,0,2,0,2,2,0
128,3.0,5.0,5.0,4.0,8.0,9.0,8.0,7.0,3,2.0,14.0,14.0,14.0,0,3,1,3,3,0,45,31,0,3,2,0,5,6,1,7,3,4,1,1,1,0,3,0,2,0,3,3,0,2,0,1,2,0,0,0,0,0,0,2,0,2,2,0
129,1.0,2.0,5.0,1.0,7.0,7.0,7.0,7.0,2,1.0,14.0,14.0,14.0,1,2,0,1,3,0,24,26,0,5,1,4,1,7,2,5,3,8,0,2,1,0,3,0,2,0,3,3,0,0,0,2,2,0,0,2,0,0,0,2,0,2,0,0
130,3.0,4.0,4.0,4.0,5.0,7.0,7.0,6.0,2,1.0,14.0,14.0,14.0,1,2,2,1,3,0,40,30,1,2,4,0,3,6,1,5,7,8,0,1,1,1,3,2,0,0,3,2,2,2,0,0,0,0,2,2,0,0,0,2,0,2,0,0
131,4.0,3.0,3.0,5.0,7.0,7.0,7.0,7.0,3,2.0,14.0,14.0,14.0,1,3,1,0,0,1,20,36,0,6,1,6,2,4,5,0,3,4,1,1,2,0,3,2,0,0,3,0,2,2,0,1,2,2,0,2,0,0,0,2,0,2,0,0
132,2.0,4.0,4.0,2.0,7.0,7.0,7.0,8.0,2,1.0,14.0,14.0,14.0,1,2,0,2,2,0,6,29,1,3,1,6,1,7,0,2,3,8,1,2,2,5,1,2,0,0,3,0,2,0,0,2,2,2,0,2,0,0,0,0,0,2,2,0
133,3.0,5.0,4.0,2.0,9.0,7.0,7.0,5.0,2,1.0,14.0,14.0,14.0,0,2,0,1,2,0,40,14,1,3,2,0,6,5,1,7,3,16,1,1,1,1,3,0,0,2,3,0,2,0,0,2,2,2,2,2,0,0,0,0,0,2,2,0
134,3.0,4.0,4.0,5.0,8.0,9.0,10.0,7.0,2,1.0,14.0,14.0,14.0,1,2,0,0,3,1,54,31,0,4,5,5,5,5,5,5,5,10,1,2,2,1,3,0,0,0,3,0,2,0,3,2,0,3,0,2,0,0,0,0,0,2,2,0
135,3.0,4.0,5.0,4.0,9.0,8.0,7.0,7.0,2,1.0,14.0,14.0,14.0,0,2,1,5,3,0,11,26,0,2,0,6,1,1,5,7,3,8,1,2,1,4,1,0,0,0,3,0,3,0,3,2,0,3,0,2,0,0,0,0,0,2,2,0
136,4.0,5.0,5.0,5.0,8.0,8.0,8.0,8.0,3,2.0,14.0,14.0,14.0,1,3,1,0,3,1,46,40,0,2,4,0,6,3,0,5,7,19,1,1,1,0,3,2,3,0,3,0,3,0,3,2,0,3,0,2,0,0,0,0,0,2,2,0
137,2.0,3.0,4.0,3.0,7.0,6.0,7.0,9.0,4,3.0,14.0,14.0,14.0,0,1,2,4,3,0,40,8,1,5,2,0,4,1,5,3,7,21,0,2,1,8,2,2,3,0,3,0,3,0,3,2,0,3,0,2,0,0,0,0,0,2,2,0
138,3.0,3.0,4.0,2.0,9.0,8.0,7.0,7.0,4,3.0,14.0,14.0,14.0,1,1,0,1,3,0,17,0,0,4,6,2,1,4,2,3,7,21,1,2,1,8,2,2,3,0,3,0,3,0,3,2,0,3,0,2,0,0,0,0,0,2,2,0
139,2.0,4.0,4.0,2.0,9.0,9.0,9.0,7.0,4,2.0,14.0,14.0,14.0,1,1,0,0,2,1,56,11,0,3,2,6,1,3,5,0,7,21,1,2,2,8,2,2,3,0,3,0,3,0,3,2,0,3,0,2,0,0,0,0,0,2,2,0
140,3.0,3.0,4.0,2.0,7.0,6.0,6.0,6.0,2,1.0,15.0,13.0,14.0,0,2,0,0,2,0,54,34,0,5,2,1,4,5,3,7,0,8,0,2,1,1,3,2,2,0,0,0,0,0,0,1,0,0,2,2,0,0,0,0,0,2,2,0
141,2.0,3.0,4.0,3.0,9.0,8.0,8.0,6.0,2,1.0,15.0,13.0,14.0,1,2,1,2,2,0,1,19,0,3,2,0,1,1,6,3,7,8,1,2,1,5,1,2,2,0,0,0,0,0,0,2,0,0,2,2,0,1,0,0,0,0,0,0
142,2.0,3.0,5.0,4.0,9.0,8.0,9.0,8.0,2,1.0,15.0,13.0,14.0,1,2,0,0,2,0,40,30,0,5,2,0,1,4,7,3,5,12,0,1,1,1,3,0,0,0,0,3,0,0,0,2,2,0,0,2,0,1,0,0,0,0,0,0
143,3.0,5.0,5.0,5.0,4.0,8.0,8.0,9.0,3,2.0,15.0,13.0,14.0,1,3,0,0,3,0,18,16,0,2,6,1,0,1,5,3,7,31,0,2,2,0,3,0,2,2,2,0,0,0,2,2,3,0,0,2,0,1,0,0,0,0,0,0
144,3.0,4.0,5.0,3.0,9.0,9.0,9.0,7.0,2,1.0,15.0,13.0,14.0,0,2,1,1,3,0,7,4,1,3,2,6,1,5,7,1,3,8,1,2,1,0,3,0,2,2,2,0,0,0,2,2,3,0,0,2,0,1,0,0,0,0,2,2
145,4.0,4.0,4.0,1.0,6.0,5.0,5.0,5.0,2,1.0,15.0,13.0,14.0,1,2,0,0,3,0,37,17,0,2,4,1,6,0,3,7,5,8,1,2,2,1,3,2,0,0,0,2,2,0,0,2,2,0,2,2,0,1,0,0,0,0,2,2
146,3.0,5.0,5.0,3.0,7.0,8.0,8.0,8.0,2,1.0,15.0,13.0,14.0,0,2,0,2,0,0,35,7,0,3,2,6,1,5,2,2,4,8,1,2,1,1,1,2,0,0,0,2,3,0,0,2,2,0,2,0,0,1,0,0,0,0,0,0
147,3.0,4.0,5.0,3.0,8.0,7.0,7.0,9.0,2,1.0,15.0,14.0,14.0,1,2,0,1,0,0,15,10,1,3,2,6,0,1,3,3,7,8,0,1,1,1,3,3,0,2,0,3,0,0,0,2,0,3,0,0,0,1,0,0,0,0,0,0
148,1.0,5.0,2.0,2.0,5.0,5.0,4.0,3.0,2,1.0,15.0,14.0,14.0,0,2,2,1,0,0,16,36,0,3,2,6,1,5,0,7,3,8,0,2,1,1,3,2,2,0,0,0,0,2,0,2,2,2,0,0,0,1,0,0,0,0,0,0
149,3.0,3.0,4.0,3.0,7.0,7.0,7.0,8.0,3,2.0,15.0,14.0,14.0,1,3,0,1,3,0,47,31,0,5,2,1,4,0,7,5,3,4,1,2,2,0,3,0,2,0,0,0,2,0,0,2,0,0,0,0,0,1,0,0,0,0,0,0
150,3.0,4.0,4.0,3.0,6.0,8.0,5.0,4.0,2,1.0,15.0,14.0,14.0,1,2,1,0,3,0,27,36,0,3,2,1,1,6,7,3,5,8,1,2,1,0,3,0,2,0,0,0,3,0,0,0,0,0,0,2,0,1,0,0,0,2,2,0
151,2.0,4.0,4.0,4.0,7.0,9.0,7.0,8.0,2,1.0,15.0,14.0,14.0,1,2,0,2,2,1,25,26,0,3,2,1,1,7,0,5,3,8,1,2,1,6,0,0,2,0,0,0,3,0,0,0,0,0,0,0,0,1,0,0,3,0,2,0
152,2.0,3.0,3.0,4.0,4.0,4.0,6.0,5.0,2,1.0,15.0,14.0,14.0,0,2,1,5,3,0,33,26,1,2,4,7,1,6,5,0,3,8,0,2,1,1,0,0,2,0,0,0,3,0,0,2,0,0,0,0,0,1,0,0,0,2,2,0
153,3.0,4.0,4.0,3.0,9.0,7.0,6.0,7.0,2,1.0,15.0,14.0,14.0,0,2,0,1,3,0,37,31,0,3,2,6,0,1,5,7,5,8,1,2,1,1,3,0,2,0,0,0,3,0,0,2,0,0,0,0,0,1,0,0,0,2,2,0
154,2.0,2.0,3.0,3.0,7.0,4.0,4.0,8.0,2,1.0,16.0,13.0,14.0,1,2,1,0,0,0,10,19,0,3,1,2,1,0,6,3,7,8,0,2,1,5,1,0,2,0,0,0,0,0,0,0,0,0,0,0,2,1,2,2,0,2,0,2
155,4.0,4.0,5.0,3.0,7.0,6.0,6.0,6.0,2,1.0,16.0,13.0,14.0,0,2,1,1,3,0,34,4,0,3,2,0,1,6,1,3,7,8,1,2,1,5,1,0,2,0,0,0,3,2,0,2,0,0,0,0,2,1,2,0,0,2,2,2
156,4.0,4.0,4.0,5.0,6.0,9.0,8.0,9.0,2,1.0,14.0,16.0,15.0,1,2,1,1,3,0,47,14,0,3,7,3,1,2,6,0,5,8,1,1,1,1,3,2,0,2,2,1,1,0,2,0,0,0,2,0,2,1,2,0,0,2,2,2
157,2.0,2.0,2.0,1.0,6.0,7.0,3.0,9.0,2,1.0,15.0,14.0,15.0,0,2,2,5,2,1,24,36,0,1,4,6,1,7,0,3,5,8,0,2,0,2,3,2,0,2,2,1,0,0,2,0,0,0,2,0,0,1,0,0,0,2,0,0
158,2.0,4.0,4.0,5.0,7.0,9.0,8.0,7.0,2,1.0,15.0,14.0,15.0,1,2,0,1,3,0,37,16,0,2,4,6,5,1,3,0,7,8,1,2,0,1,3,0,3,0,0,0,0,0,3,0,0,0,0,0,0,1,0,0,0,2,0,0
159,2.0,4.0,3.0,3.0,7.0,7.0,7.0,7.0,2,1.0,15.0,14.0,15.0,1,2,0,0,0,0,7,4,0,4,2,6,1,1,0,3,7,8,1,2,2,4,3,0,3,0,0,0,0,0,3,2,0,0,0,0,0,1,2,0,0,2,2,0
160,3.0,4.0,4.0,5.0,8.0,8.0,8.0,7.0,3,2.0,15.0,15.0,15.0,1,3,1,0,3,1,41,21,0,3,2,6,0,6,6,6,0,4,1,2,1,0,3,0,0,0,0,0,0,0,3,0,0,2,0,0,0,1,2,0,0,2,2,0
161,3.0,4.0,5.0,4.0,7.0,8.0,8.0,8.0,2,1.0,15.0,15.0,15.0,1,2,2,2,3,0,16,31,0,3,2,2,1,0,6,6,6,8,1,2,1,1,3,0,2,3,2,0,0,0,0,0,3,2,0,0,0,1,2,0,0,2,2,0
162,3.0,4.0,4.0,4.0,6.0,8.0,8.0,9.0,3,2.0,15.0,15.0,15.0,1,3,0,0,3,1,41,20,0,5,4,2,1,4,0,5,6,11,1,0,1,0,3,3,3,3,2,0,0,0,0,0,3,2,0,0,0,1,2,0,0,2,2,0
163,2.0,3.0,3.0,1.0,2.0,6.0,4.0,5.0,2,1.0,15.0,15.0,15.0,1,2,0,1,2,0,55,36,0,5,0,2,1,4,3,5,7,8,0,2,1,1,3,3,3,3,2,0,0,3,0,0,3,2,0,2,0,1,0,0,0,2,2,0
164,3.0,4.0,4.0,2.0,3.0,5.0,5.0,7.0,2,1.0,15.0,15.0,15.0,0,2,0,0,2,1,44,39,0,5,2,0,4,1,3,5,7,8,1,2,2,1,3,2,0,3,2,2,0,0,0,2,2,2,2,2,0,1,0,0,0,2,2,0
165,3.0,4.0,4.0,4.0,9.0,7.0,7.0,6.0,2,1.0,15.0,15.0,15.0,0,2,1,0,3,0,53,31,0,2,4,0,6,3,1,7,5,8,0,0,2,1,3,0,0,0,3,3,0,0,3,2,0,0,0,2,0,1,0,0,0,2,2,0
166,3.0,4.0,5.0,3.0,9.0,9.0,8.0,7.0,2,1.0,15.0,15.0,15.0,1,2,2,4,2,0,22,14,0,2,4,6,1,0,3,7,5,8,1,1,1,1,3,0,0,3,0,0,0,0,0,2,0,0,0,2,0,1,0,0,0,2,2,0
167,3.0,3.0,3.0,5.0,7.0,6.0,6.0,7.0,2,2.0,15.0,15.0,15.0,1,2,1,0,3,1,37,36,1,3,4,2,4,4,4,4,4,32,0,2,1,1,3,2,2,2,2,2,0,2,2,2,2,2,3,2,0,1,0,0,0,2,2,0
168,2.0,4.0,5.0,3.0,8.0,9.0,8.0,9.0,2,1.0,15.0,15.0,15.0,0,2,0,3,2,0,49,13,0,2,6,0,4,3,1,5,7,17,1,2,1,1,3,0,0,2,3,2,2,0,0,0,2,3,2,2,0,1,0,0,0,2,2,0
169,3.0,5.0,5.0,3.0,6.0,8.0,9.0,9.0,2,1.0,15.0,15.0,15.0,1,2,1,1,3,0,38,10,1,3,2,5,7,6,0,3,1,8,1,2,2,1,3,0,2,0,0,2,2,2,0,0,0,1,2,2,0,1,0,0,0,2,2,0
170,4.0,5.0,5.0,3.0,7.0,6.0,6.0,6.0,2,1.0,15.0,15.0,15.0,0,2,1,2,3,0,33,2,1,1,4,5,1,2,6,0,3,8,1,2,1,7,1,0,2,0,0,2,3,3,0,2,0,1,2,2,0,0,0,0,0,2,2,2
171,2.0,3.0,3.0,2.0,7.0,5.0,5.0,4.0,3,2.0,16.0,14.0,15.0,0,3,1,3,2,2,43,23,0,2,4,0,6,1,3,5,3,4,0,0,1,0,3,0,2,0,0,3,0,2,0,2,3,2,2,2,0,0,0,0,0,2,2,2
172,3.0,3.0,3.0,2.0,8.0,7.0,5.0,6.0,2,1.0,16.0,14.0,15.0,0,2,1,3,3,2,27,4,0,3,2,1,1,0,7,3,5,8,0,2,1,6,0,0,2,0,0,3,3,0,0,0,3,2,2,2,2,1,0,0,0,2,0,0
173,3.0,5.0,5.0,1.0,7.0,7.0,6.0,5.0,3,2.0,16.0,14.0,15.0,0,3,1,1,2,0,45,38,0,4,0,1,4,2,6,3,7,4,1,2,2,0,3,0,0,2,0,3,3,0,0,2,3,2,3,2,2,1,0,0,0,2,0,0
174,1.0,1.0,1.0,3.0,8.0,8.0,5.0,6.0,2,1.0,16.0,15.0,15.0,0,2,0,0,3,0,11,36,1,4,4,0,1,1,6,7,3,8,0,2,2,2,1,0,0,2,0,3,0,3,0,2,3,2,3,2,2,1,0,3,3,2,2,0
175,3.0,4.0,5.0,3.0,9.0,8.0,8.0,8.0,4,3.0,16.0,15.0,15.0,0,1,0,0,3,0,45,13,1,4,0,8,2,1,1,6,7,30,1,1,2,8,2,3,0,0,0,0,3,3,0,3,3,3,0,2,2,1,0,3,3,2,2,0
176,3.0,3.0,4.0,4.0,8.0,7.0,5.0,8.0,3,2.0,17.0,14.0,15.0,1,3,1,1,3,0,57,0,0,2,4,0,1,7,6,3,5,9,1,1,1,0,3,0,0,0,0,3,0,0,0,0,0,2,3,2,2,1,0,3,3,2,2,0
177,4.0,5.0,5.0,4.0,9.0,9.0,7.0,6.0,4,3.0,14.0,17.0,16.0,1,1,2,1,2,0,41,9,0,2,4,6,0,1,5,7,3,21,1,1,2,8,2,0,0,0,0,3,0,0,0,0,0,2,3,2,2,1,0,3,3,2,2,0
178,3.0,4.0,3.0,4.0,8.0,8.0,8.0,9.0,3,2.0,16.0,15.0,16.0,1,3,0,0,0,0,0,8,0,2,6,5,4,1,3,7,0,4,1,2,2,0,3,3,3,0,0,3,0,3,0,2,3,0,3,2,2,1,0,3,3,2,2,0
179,3.0,4.0,5.0,4.0,9.0,9.0,9.0,9.0,2,1.0,16.0,16.0,16.0,1,2,0,1,0,0,40,31,1,2,4,3,1,6,7,0,5,8,0,2,1,1,3,3,0,3,0,3,0,0,0,0,3,3,3,2,2,1,0,3,3,2,2,0
180,2.0,3.0,4.0,4.0,8.0,6.0,6.0,7.0,3,2.0,16.0,16.0,16.0,1,3,1,3,3,0,17,18,0,3,2,6,5,1,3,0,7,4,1,1,2,0,3,3,0,3,0,3,0,3,0,0,3,3,3,2,2,1,0,3,3,2,2,0
181,1.0,3.0,4.0,5.0,8.0,7.0,7.0,8.0,2,1.0,16.0,16.0,16.0,1,2,0,0,3,0,2,18,0,5,0,2,1,3,4,1,7,8,0,2,1,5,1,3,0,3,0,3,0,3,0,0,3,3,3,2,2,1,0,0,0,2,2,0
182,3.0,4.0,4.0,3.0,9.0,8.0,8.0,7.0,2,1.0,16.0,16.0,16.0,0,2,0,2,2,0,38,22,0,3,2,1,6,5,7,0,3,8,0,2,2,1,3,0,0,3,0,0,2,0,3,0,3,0,2,2,2,1,0,0,0,2,2,0
183,2.0,4.0,5.0,3.0,8.0,8.0,8.0,7.0,3,2.0,16.0,17.0,16.0,1,3,1,2,3,0,15,8,0,2,4,0,6,1,5,7,3,4,1,1,1,0,3,0,3,0,0,0,2,3,3,0,3,0,2,2,2,1,0,0,0,2,2,0
184,2.0,4.0,4.0,3.0,8.0,9.0,9.0,8.0,2,1.0,16.0,17.0,16.0,1,2,1,1,3,0,0,1,0,2,1,6,1,4,3,5,7,8,0,2,2,0,0,0,3,0,0,0,3,3,3,0,3,0,2,2,2,1,0,0,3,2,2,3
185,3.0,4.0,5.0,4.0,8.0,8.0,8.0,9.0,2,1.0,16.0,17.0,16.0,1,2,0,1,2,0,23,0,0,2,5,4,0,6,1,7,3,8,1,2,1,1,3,0,3,0,0,0,3,3,3,0,3,0,2,2,2,1,0,0,3,2,2,3
186,1.0,1.0,5.0,3.0,6.0,5.0,5.0,4.0,2,1.0,17.0,16.0,16.0,1,2,0,1,0,0,33,4,0,5,4,2,1,0,0,3,5,8,0,2,2,1,0,0,3,0,0,0,0,3,3,0,3,0,2,2,2,1,2,3,3,2,2,0
187,1.0,4.0,5.0,3.0,9.0,7.0,7.0,8.0,2,1.0,17.0,16.0,17.0,0,2,0,2,1,0,29,1,0,5,4,0,1,2,7,3,1,8,0,2,2,5,0,0,3,0,0,0,3,3,3,3,3,0,2,2,2,1,0,3,3,2,2,3
188,3.0,3.0,4.0,4.0,7.0,8.0,7.0,9.0,2,1.0,17.0,17.0,17.0,1,2,0,3,2,0,22,15,1,3,5,2,6,1,7,3,0,27,1,1,1,1,3,3,0,3,0,0,2,0,0,0,0,3,0,2,2,1,0,3,3,2,2,3
189,3.0,4.0,5.0,3.0,7.0,8.0,8.0,8.0,2,1.0,17.0,17.0,17.0,0,2,0,2,2,2,31,26,0,2,7,0,1,5,4,3,6,8,0,2,2,4,1,3,0,3,0,0,3,3,0,0,0,3,0,2,2,1,2,3,3,2,2,3
190,2.0,3.0,5.0,4.0,8.0,8.0,7.0,9.0,2,1.0,17.0,18.0,17.0,0,2,0,1,3,0,3,4,1,5,2,0,1,5,7,1,3,8,1,2,1,4,3,3,0,3,0,0,0,3,0,3,0,3,0,2,2,1,2,0,3,2,2,3
191,3.0,4.0,5.0,3.0,8.0,7.0,6.0,7.0,3,2.0,17.0,18.0,17.0,0,3,0,0,3,0,41,12,1,2,0,5,6,1,4,3,7,4,1,2,1,0,3,3,0,3,0,0,0,3,0,3,0,3,0,2,2,1,2,0,3,2,2,3
192,4.0,5.0,5.0,4.0,6.0,6.0,6.0,3.0,1,1.0,6.0,18.0,17.0,0,0,0,3,3,0,37,31,1,3,2,6,0,7,1,5,3,1,0,1,2,1,3,3,0,3,0,0,0,3,0,3,0,3,0,2,2,1,2,0,3,2,2,3
193,3.0,5.0,4.0,3.0,5.0,4.0,3.0,5.0,1,1.0,10.0,18.0,17.0,0,0,0,2,2,0,0,22,1,0,6,1,4,2,5,3,2,6,0,2,2,1,3,3,0,3,0,0,0,3,0,3,0,3,0,2,2,1,2,0,3,2,2,3
194,2.0,3.0,4.0,2.0,7.0,9.0,10.0,6.0,1,1.0,10.0,18.0,17.0,0,0,0,0,2,1,0,34,1,1,6,2,4,0,3,7,5,25,0,1,1,1,3,3,0,3,0,0,0,3,0,3,0,3,0,2,2,1,2,0,3,2,2,3
195,2.0,2.0,4.0,3.0,8.0,8.0,7.0,7.0,2,1.0,11.0,10.0,17.0,0,2,1,1,2,0,17,16,0,3,2,6,1,0,7,3,5,8,1,1,1,1,3,1,2,2,2,0,0,2,0,1,1,1,0,2,2,1,2,0,3,2,2,3
196,3.0,1.0,4.0,1.0,10.0,5.0,7.0,6.0,2,1.0,11.0,10.0,17.0,0,2,2,0,1,2,23,12,0,3,5,7,0,2,6,1,3,8,1,2,2,1,3,0,2,1,2,3,3,1,0,1,1,2,3,2,2,1,2,0,3,2,2,3
197,3.0,4.0,4.0,4.0,8.0,6.0,7.0,7.0,2,1.0,11.0,12.0,17.0,1,2,2,1,3,1,37,34,0,4,4,2,1,6,0,7,3,8,0,1,1,1,3,2,2,2,2,0,2,2,2,2,0,0,0,2,2,1,2,0,3,2,2,3
198,2.0,2.0,3.0,3.0,9.0,4.0,2.0,5.0,2,1.0,11.0,12.0,17.0,0,2,0,0,0,0,0,13,0,2,4,1,6,5,0,3,7,22,1,2,1,1,3,2,2,2,2,0,2,2,2,2,0,0,0,2,2,1,2,0,3,2,2,3
199,3.0,3.0,4.0,4.0,4.0,8.0,8.0,7.0,2,1.0,12.0,11.0,17.0,0,2,1,0,2,0,23,8,0,2,6,1,0,4,5,3,7,8,0,0,2,1,3,2,0,1,0,0,2,2,0,2,0,1,0,2,2,1,2,0,3,2,2,3
200,4.0,3.0,3.0,3.0,8.0,8.0,6.0,5.0,2,1.0,12.0,12.0,17.0,1,2,1,0,3,0,37,22,1,2,5,6,1,4,7,0,3,8,0,1,1,1,3,2,0,1,0,0,2,2,0,2,0,1,0,2,2,1,2,0,3,2,2,3
201,2.0,4.0,5.0,4.0,8.0,7.0,6.0,6.0,2,1.0,13.0,11.0,17.0,0,2,1,1,2,0,14,35,1,0,1,2,5,6,3,7,4,5,1,1,1,1,3,0,2,0,2,0,0,2,0,2,1,2,0,2,2,1,2,0,3,2,2,3
202,3.0,3.0,3.0,3.0,5.0,6.0,4.0,9.0,1,1.0,15.0,11.0,17.0,1,0,0,0,3,0,0,0,0,2,4,7,5,1,0,3,6,1,0,2,1,1,3,0,2,0,2,0,0,2,0,2,1,2,0,2,2,1,2,0,3,2,2,3
203,3.0,5.0,4.0,3.0,6.0,9.0,9.0,8.0,3,2.0,16.0,13.0,17.0,1,3,1,1,3,0,15,12,1,4,6,2,4,0,7,3,1,4,1,1,1,0,3,0,2,0,2,0,0,2,0,2,1,2,0,2,2,1,2,0,3,2,2,3
204,1.0,2.0,3.0,2.0,4.0,9.0,9.0,6.0,2,1.0,16.0,15.0,17.0,1,2,0,1,3,0,23,0,0,5,2,4,1,7,3,0,5,8,0,2,2,1,3,0,3,0,3,0,0,3,0,2,0,0,2,2,2,1,2,0,3,2,2,3
205,2.0,4.0,4.0,2.0,6.0,5.0,4.0,7.0,3,2.0,16.0,15.0,17.0,0,3,1,1,3,0,47,36,0,2,1,6,0,5,7,5,3,4,1,1,1,0,3,2,2,2,2,0,0,0,1,2,0,0,0,2,2,1,2,0,3,2,2,3
206,3.0,3.0,2.0,3.0,6.0,4.0,4.0,6.0,2,1.0,16.0,15.0,17.0,1,2,1,1,3,2,38,14,0,3,2,1,0,7,3,5,6,8,1,1,1,1,3,2,2,2,1,2,0,2,0,2,2,2,0,2,2,1,2,0,3,2,2,3
207,3.0,1.0,4.0,1.0,8.0,5.0,6.0,7.0,2,1.0,16.0,15.0,17.0,0,2,0,0,3,0,13,31,0,4,4,1,6,2,0,3,7,8,0,0,1,1,3,2,2,1,0,3,0,2,0,2,0,0,0,2,2,1,2,0,3,2,2,3
208,2.0,3.0,4.0,2.0,7.0,3.0,7.0,7.0,2,1.0,16.0,15.0,17.0,0,2,0,1,3,0,15,34,1,3,2,1,5,6,0,3,7,8,0,0,1,1,3,2,4,4,2,0,2,4,0,0,1,2,0,2,2,1,2,0,3,2,2,3
209,3.0,3.0,3.0,4.0,10.0,7.0,8.0,7.0,3,2.0,16.0,15.0,17.0,0,3,0,0,3,0,13,24,0,0,2,6,1,4,5,7,3,4,1,2,1,0,3,0,2,4,2,3,2,2,0,2,0,1,3,2,2,1,2,0,3,2,2,3
210,2.0,2.0,3.0,3.0,7.0,7.0,7.0,6.0,4,3.0,16.0,15.0,17.0,0,1,0,4,3,0,22,12,0,5,3,2,0,4,1,7,5,21,0,2,1,8,2,2,2,4,2,3,2,2,0,2,2,1,3,2,2,1,2,0,3,2,2,3
