record_id,is_female,study_year,bac_specialty,weekly_study_hours,preferred_study_place,study_group_size,best_learning_methods,preferred_resources,uses_study_planner,obstacle_rank_1,obstacle_rank_2,obstacle_rank_3,obstacle_rank_4,obstacle_rank_5,obstacle_rank_6,obstacle_rank_7,obstacle_rank_8,other problems that you face,rate your satisfaction with the school s program,has_extracurriculars,ensia_motivation,ai_interest,how do other s feedback influence you,daily_sleep_hours,stress_tolerance,in a scale of 1 to 10 how do you rate your level in the following fields 1 english,2 programming,3 computer science,4 mathematics,1y average s1,1y average s2,1y average,2y average s1,2y average s2,2y average,3y average s1,3y average s2,3y average,1y foundational mathematics,1y dsa1,1y digital systems,1y information technology essentials,1y english 1,1y cpsct,1y oop,1y introduction to linux,1y linear algebra,1y mathematical analysis 1,1y introduction to statistics,1y english 2,2y dsa 2,2y logic,2y mathematical analysis 2,2y databases,2y probability,2y web development,2y introduction to business,2y theory of computing,2y operating systems,2y computer architecture,2y statistical inference,2y introduction to ai,2y mathematical analysis 3,2y electronic circuits labs,3y data mining,3y operations research,3y stochastic,3y software engineering,3y networks and protocols,3y mobile development,3y entrepreneurship and innovation,3y machine learning,3y numerical methods and optimisation,3y time series,3y advanced databases,3y computer and network security,4 forth,how do others feedbacks influence you,1y intensive english,1y seminar,1y analysis i,1y algebra,1y a com i,1y intro prog c,1y analysis ii,1y a com ii,1y proba stat,2y analysis iii,2y dsa,2y archi 1,2y complexity,2y proba stat ii,2y lin alg ii,2y intro ai,2y oper res,2y archi ii,2y oper syst,2y soft eng,2y web prog,2y intro busin,year_ordinal,inferred_year_from_grades
192,,,,,,,,,,,,,,,,,,,4.0,,5.0,5.0,,,4.0,6.0,6.0,6.0,3.0,6.0,13.0,13.0,12.0,12.0,12.0,11.5,12.5,12.0,,,,,,,,,,,,,,,,,,,,,,,,,,,,,,,,,,,,,,,,,,,,,,,,,,,,,,,,,,,,,,,1,1.0
193,,,,,,,,,,,,,,,,,,,3.0,,5.0,4.0,,,3.0,5.0,4.0,3.0,5.0,10.0,13.0,13.0,12.0,12.0,12.0,11.5,12.5,12.0,,,,,,,,,,,,,,,,,,,,,,,,,,,,,,,,,,,,,,,,,,,,,,,,,,,,,,,,,,,,,,,1,1.0
194,,,,,,,,,,,,,,,,,,,2.0,,3.0,4.0,,,2.0,7.0,9.0,10.0,6.0,10.0,13.0,13.0,12.0,12.0,12.0,11.5,12.5,12.0,,,,,,,,,,,,,,,,,,,,,,,,,,,,,,,,,,,,,,,,,,,,,,,,,,,,,,,,,,,,,,,1,1.0
202,,,,,,,,,,,,,,,,,,,3.0,,3.0,3.0,,,3.0,5.0,6.0,4.0,9.0,15.0,13.0,13.0,12.0,12.0,12.0,11.5,12.5,12.0,,,,,,,,,,,,,,,,,,,,,,,,,,,,,,,,,,,,,,,,,,,,,,,,,,,,,,,,,,,,,,,1,1.0
211,,,,,,,,,,,,,,,,,,,1.0,,1.0,1.0,,,1.0,1.0,1.0,1.0,1.0,14.0,13.0,13.0,12.0,12.0,12.0,11.5,12.5,12.0,,,,,,,,,,,,,,,,,,,,,,,,,,,,,,,,,,,,,,,,,,,,,,,,,,,,,,,,,,,,,,,1,1.0
212,,,,,,,,,,,,,,,,,,,1.0,,5.0,4.0,,,5.0,3.0,1.0,1.0,2.0,14.0,13.0,13.0,12.0,12.0,12.0,11.5,12.5,12.0,,,,,,,,,,,,,,,,,,,,,,,,,,,,,,,,,,,,,,,,,,,,,,,,,,,,,,,,,,,,,,,1,1.0
213,,,,,,,,,,,,,,,,,,,1.0,,2.0,2.0,,,1.0,5.0,1.0,1.0,2.0,14.0,13.0,13.0,12.0,12.0,12.0,11.5,12.5,12.0,,,,,,,,,,,,,,,,,,,,,,,,,,,,,,,,,,,,,,,,,,,,,,,,,,,,,,,,,,,,,,,1,1.0
214,,,,,,,,,,,,,,,,,,,1.0,,1.0,3.0,,,5.0,5.0,1.0,1.0,1.0,14.0,13.0,13.0,12.0,12.0,12.0,11.5,12.5,12.0,,,,,,,,,,,,,,,,,,,,,,,,,,,,,,,,,,,,,,,,,,,,,,,,,,,,,,,,,,,,,,,1,1.0
215,,,,,,,,,,,,,,,,,,,1.0,,1.0,5.0,,,2.0,2.0,1.0,2.0,2.0,14.0,13.0,13.0,12.0,12.0,12.0,11.5,12.5,12.0,,,,,,,,,,,,,,,,,,,,,,,,,,,,,,,,,,,,,,,,,,,,,,,,,,,,,,,,,,,,,,,1,1.0
216,,,,,,,,,,,,,,,,,,,3.0,,3.0,4.0,,,2.0,5.0,1.0,2.0,1.0,14.0,13.0,13.0,12.0,12.0,12.0,11.5,12.5,12.0,,,,,,,,,,,,,,,,,,,,,,,,,,,,,,,,,,,,,,,,,,,,,,,,,,,,,,,,,,,,,,,1,1.0
217,,,,,,,,,,,,,,,,,,,2.0,,3.0,4.0,,,1.0,7.0,1.0,1.0,1.0,14.0,13.0,13.0,12.0,12.0,12.0,11.5,12.5,12.0,,,,,,,,,,,,,,,,,,,,,,,,,,,,,,,,,,,,,,,,,,,,,,,,,,,,,,,,,,,,,,,1,1.0
218,,,,,,,,,,,,,,,,,,,2.0,,2.0,4.0,,,3.0,8.0,2.0,2.0,7.0,14.0,13.0,13.0,12.0,12.0,12.0,11.5,12.5,12.0,,,,,,,,,,,,,,,,,,,,,,,,,,,,,,,,,,,,,,,,,,,,,,,,,,,,,,,,,,,,,,,1,1.0
219,,,,,,,,,,,,,,,,,,,4.0,,4.0,4.0,,,2.0,1.0,2.0,1.0,5.0,14.0,13.0,13.0,12.0,12.0,12.0,11.5,12.5,12.0,,,,,,,,,,,,,,,,,,,,,,,,,,,,,,,,,,,,,,,,,,,,,,,,,,,,,,,,,,,,,,,1,1.0
220,,,,,,,,,,,,,,,,,,,3.0,,4.0,4.0,,,3.0,7.0,2.0,2.0,2.0,14.0,13.0,13.0,12.0,12.0,12.0,11.5,12.5,12.0,,,,,,,,,,,,,,,,,,,,,,,,,,,,,,,,,,,,,,,,,,,,,,,,,,,,,,,,,,,,,,,1,1.0
221,,,,,,,,,,,,,,,,,,,2.0,,1.0,2.0,,,1.0,3.0,2.0,2.0,1.0,14.0,13.0,13.0,12.0,12.0,12.0,11.5,12.5,12.0,,,,,,,,,,,,,,,,,,,,,,,,,,,,,,,,,,,,,,,,,,,,,,,,,,,,,,,,,,,,,,,1,1.0
223,,,,,,,,,,,,,,,,,,,1.0,,2.0,4.0,,,2.0,7.0,2.0,2.0,1.0,14.0,13.0,13.0,12.0,12.0,12.0,11.5,12.5,12.0,,,,,,,,,,,,,,,,,,,,,,,,,,,,,,,,,,,,,,,,,,,,,,,,,,,,,,,,,,,,,,,1,1.0
224,,,,,,,,,,,,,,,,,,,1.0,,1.0,2.0,,,3.0,6.0,2.0,2.0,5.0,14.0,13.0,13.0,12.0,12.0,12.0,11.5,12.5,12.0,,,,,,,,,,,,,,,,,,,,,,,,,,,,,,,,,,,,,,,,,,,,,,,,,,,,,,,,,,,,,,,1,1.0
225,,,,,,,,,,,,,,,,,,,2.0,,1.0,1.0,,,5.0,2.0,2.0,2.0,3.0,14.0,13.0,13.0,12.0,12.0,12.0,11.5,12.5,12.0,,,,,,,,,,,,,,,,,,,,,,,,,,,,,,,,,,,,,,,,,,,,,,,,,,,,,,,,,,,,,,,1,1.0
226,,,,,,,,,,,,,,,,,,,2.0,,1.0,3.0,,,1.0,5.0,3.0,4.0,5.0,14.0,13.0,13.0,12.0,12.0,12.0,11.5,12.5,12.0,,,,,,,,,,,,,,,,,,,,,,,,,,,,,,,,,,,,,,,,,,,,,,,,,,,,,,,,,,,,,,,1,1.0
227,,,,,,,,,,,,,,,,,,,2.0,,3.0,4.0,,,1.0,5.0,3.0,4.0,5.0,14.0,13.0,13.0,12.0,12.0,12.0,11.5,12.5,12.0,,,,,,,,,,,,,,,,,,,,,,,,,,,,,,,,,,,,,,,,,,,,,,,,,,,,,,,,,,,,,,,1,1.0
228,,,,,,,,,,,,,,,,,,,3.0,,4.0,5.0,,,3.0,5.0,3.0,3.0,7.0,14.0,13.0,13.0,12.0,12.0,12.0,11.5,12.5,12.0,,,,,,,,,,,,,,,,,,,,,,,,,,,,,,,,,,,,,,,,,,,,,,,,,,,,,,,,,,,,,,,1,1.0
229,,,,,,,,,,,,,,,,,,,3.0,,2.0,3.0,,,2.0,7.0,3.0,3.0,2.0,14.0,13.0,13.0,12.0,12.0,12.0,11.5,12.5,12.0,,,,,,,,,,,,,,,,,,,,,,,,,,,,,,,,,,,,,,,,,,,,,,,,,,,,,,,,,,,,,,,1,1.0
230,,,,,,,,,,,,,,,,,,,2.0,,3.0,4.0,,,2.0,7.0,3.0,4.0,1.0,14.0,13.0,13.0,12.0,12.0,12.0,11.5,12.5,12.0,,,,,,,,,,,,,,,,,,,,,,,,,,,,,,,,,,,,,,,,,,,,,,,,,,,,,,,,,,,,,,,1,1.0
231,,,,,,,,,,,,,,,,,,,1.0,,1.0,1.0,,,1.0,5.0,3.0,3.0,5.0,14.0,13.0,13.0,12.0,12.0,12.0,11.5,12.5,12.0,,,,,,,,,,,,,,,,,,,,,,,,,,,,,,,,,,,,,,,,,,,,,,,,,,,,,,,,,,,,,,,1,1.0
232,,,,,,,,,,,,,,,,,,,1.0,,2.0,4.0,,,2.0,8.0,3.0,5.0,1.0,14.0,13.0,13.0,12.0,12.0,12.0,11.5,12.5,12.0,,,,,,,,,,,,,,,,,,,,,,,,,,,,,,,,,,,,,,,,,,,,,,,,,,,,,,,,,,,,,,,1,1.0
233,,,,,,,,,,,,,,,,,,,1.0,,1.0,4.0,,,4.0,4.0,3.0,3.0,2.0,14.0,13.0,13.0,12.0,12.0,12.0,11.5,12.5,12.0,,,,,,,,,,,,,,,,,,,,,,,,,,,,,,,,,,,,,,,,,,,,,,,,,,,,,,,,,,,,,,,1,1.0
234,,,,,,,,,,,,,,,,,,,2.0,,3.0,1.0,,,4.0,6.0,3.0,4.0,1.0,14.0,13.0,13.0,12.0,12.0,12.0,11.5,12.5,12.0,,,,,,,,,,,,,,,,,,,,,,,,,,,,,,,,,,,,,,,,,,,,,,,,,,,,,,,,,,,,,,,1,1.0
235,,,,,,,,,,,,,,,,,,,3.0,,2.0,4.0,,,4.0,7.0,4.0,3.0,3.0,14.0,13.0,13.0,12.0,12.0,12.0,11.5,12.5,12.0,,,,,,,,,,,,,,,,,,,,,,,,,,,,,,,,,,,,,,,,,,,,,,,,,,,,,,,,,,,,,,,1,1.0
236,,,,,,,,,,,,,,,,,,,2.0,,2.0,2.0,,,3.0,5.0,4.0,3.0,2.0,14.0,13.0,13.0,12.0,12.0,12.0,11.5,12.5,12.0,,,,,,,,,,,,,,,,,,,,,,,,,,,,,,,,,,,,,,,,,,,,,,,,,,,,,,,,,,,,,,,1,1.0
237,,,,,,,,,,,,,,,,,,,3.0,,5.0,5.0,,,3.0,7.0,4.0,4.0,4.0,14.0,13.0,13.0,12.0,12.0,12.0,11.5,12.5,12.0,,,,,,,,,,,,,,,,,,,,,,,,,,,,,,,,,,,,,,,,,,,,,,,,,,,,,,,,,,,,,,,1,1.0
238,,,,,,,,,,,,,,,,,,,1.0,,5.0,3.0,,,3.0,8.0,4.0,1.0,6.0,14.0,13.0,13.0,12.0,12.0,12.0,11.5,12.5,12.0,,,,,,,,,,,,,,,,,,,,,,,,,,,,,,,,,,,,,,,,,,,,,,,,,,,,,,,,,,,,,,,1,1.0
239,,,,,,,,,,,,,,,,,,,2.0,,3.0,3.0,,,2.0,7.0,4.0,2.0,2.0,14.0,13.0,13.0,12.0,12.0,12.0,11.5,12.5,12.0,,,,,,,,,,,,,,,,,,,,,,,,,,,,,,,,,,,,,,,,,,,,,,,,,,,,,,,,,,,,,,,1,1.0
240,,,,,,,,,,,,,,,,,,,2.0,,1.0,4.0,,,1.0,7.0,4.0,3.0,3.0,14.0,13.0,13.0,12.0,12.0,12.0,11.5,12.5,12.0,,,,,,,,,,,,,,,,,,,,,,,,,,,,,,,,,,,,,,,,,,,,,,,,,,,,,,,,,,,,,,,1,1.0
241,,,,,,,,,,,,,,,,,,,2.0,,4.0,5.0,,,3.0,7.0,4.0,5.0,5.0,14.0,13.0,13.0,12.0,12.0,12.0,11.5,12.5,12.0,,,,,,,,,,,,,,,,,,,,,,,,,,,,,,,,,,,,,,,,,,,,,,,,,,,,,,,,,,,,,,,1,1.0
242,,,,,,,,,,,,,,,,,,,2.0,,1.0,2.0,,,3.0,8.0,4.0,2.0,6.0,14.0,13.0,13.0,12.0,12.0,12.0,11.5,12.5,12.0,,,,,,,,,,,,,,,,,,,,,,,,,,,,,,,,,,,,,,,,,,,,,,,,,,,,,,,,,,,,,,,1,1.0
243,,,,,,,,,,,,,,,,,,,3.0,,3.0,5.0,,,4.0,6.0,4.0,2.0,4.0,14.0,13.0,13.0,12.0,12.0,12.0,11.5,12.5,12.0,,,,,,,,,,,,,,,,,,,,,,,,,,,,,,,,,,,,,,,,,,,,,,,,,,,,,,,,,,,,,,,1,1.0
244,,,,,,,,,,,,,,,,,,,3.0,,3.0,1.0,,,2.0,3.0,4.0,2.0,2.0,14.0,13.0,13.0,12.0,12.0,12.0,11.5,12.5,12.0,,,,,,,,,,,,,,,,,,,,,,,,,,,,,,,,,,,,,,,,,,,,,,,,,,,,,,,,,,,,,,,1,1.0
245,,,,,,,,,,,,,,,,,,,2.0,,2.0,4.0,,,2.0,5.0,4.0,3.0,6.0,14.0,13.0,13.0,12.0,12.0,12.0,11.5,12.5,12.0,,,,,,,,,,,,,,,,,,,,,,,,,,,,,,,,,,,,,,,,,,,,,,,,,,,,,,,,,,,,,,,1,1.0
246,,,,,,,,,,,,,,,,,,,2.0,,4.0,3.0,,,2.0,6.0,4.0,4.0,4.0,14.0,13.0,13.0,12.0,12.0,12.0,11.5,12.5,12.0,,,,,,,,,,,,,,,,,,,,,,,,,,,,,,,,,,,,,,,,,,,,,,,,,,,,,,,,,,,,,,,1,1.0
247,,,,,,,,,,,,,,,,,,,4.0,,2.0,3.0,,,3.0,7.0,4.0,5.0,6.0,14.0,13.0,13.0,12.0,12.0,12.0,11.5,12.5,12.0,,,,,,,,,,,,,,,,,,,,,,,,,,,,,,,,,,,,,,,,,,,,,,,,,,,,,,,,,,,,,,,1,1.0
248,,,,,,,,,,,,,,,,,,,2.0,,2.0,2.0,,,1.0,5.0,4.0,3.0,6.0,14.0,13.0,13.0,12.0,12.0,12.0,11.5,12.5,12.0,,,,,,,,,,,,,,,,,,,,,,,,,,,,,,,,,,,,,,,,,,,,,,,,,,,,,,,,,,,,,,,1,1.0
251,,,,,,,,,,,,,,,,,,,2.0,,3.0,3.0,,,3.0,7.0,5.0,4.0,4.0,14.0,13.0,13.0,12.0,12.0,12.0,11.5,12.5,12.0,,,,,,,,,,,,,,,,,,,,,,,,,,,,,,,,,,,,,,,,,,,,,,,,,,,,,,,,,,,,,,,1,1.0
252,,,,,,,,,,,,,,,,,,,3.0,,1.0,1.0,,,3.0,8.0,5.0,5.0,4.0,14.0,13.0,13.0,12.0,12.0,12.0,11.5,12.5,12.0,,,,,,,,,,,,,,,,,,,,,,,,,,,,,,,,,,,,,,,,,,,,,,,,,,,,,,,,,,,,,,,1,1.0
253,,,,,,,,,,,,,,,,,,,4.0,,5.0,5.0,,,3.0,6.0,5.0,4.0,5.0,14.0,13.0,13.0,12.0,12.0,12.0,11.5,12.5,12.0,,,,,,,,,,,,,,,,,,,,,,,,,,,,,,,,,,,,,,,,,,,,,,,,,,,,,,,,,,,,,,,1,1.0
254,,,,,,,,,,,,,,,,,,,3.0,,3.0,4.0,,,2.0,4.0,5.0,4.0,5.0,14.0,13.0,13.0,12.0,12.0,12.0,11.5,12.5,12.0,,,,,,,,,,,,,,,,,,,,,,,,,,,,,,,,,,,,,,,,,,,,,,,,,,,,,,,,,,,,,,,1,1.0
255,,,,,,,,,,,,,,,,,,,3.0,,3.0,5.0,,,3.0,8.0,5.0,5.0,7.0,14.0,13.0,13.0,12.0,12.0,12.0,11.5,12.5,12.0,,,,,,,,,,,,,,,,,,,,,,,,,,,,,,,,,,,,,,,,,,,,,,,,,,,,,,,,,,,,,,,1,1.0
256,,,,,,,,,,,,,,,,,,,3.0,,3.0,4.0,,,4.0,4.0,5.0,5.0,8.0,14.0,13.0,13.0,12.0,12.0,12.0,11.5,12.5,12.0,,,,,,,,,,,,,,,,,,,,,,,,,,,,,,,,,,,,,,,,,,,,,,,,,,,,,,,,,,,,,,,1,1.0
257,,,,,,,,,,,,,,,,,,,3.0,,3.0,3.0,,,3.0,2.0,5.0,5.0,4.0,14.0,13.0,13.0,12.0,12.0,12.0,11.5,12.5,12.0,,,,,,,,,,,,,,,,,,,,,,,,,,,,,,,,,,,,,,,,,,,,,,,,,,,,,,,,,,,,,,,1,1.0
258,,,,,,,,,,,,,,,,,,,2.0,,3.0,4.0,,,2.0,5.0,5.0,5.0,5.0,14.0,13.0,13.0,12.0,12.0,12.0,11.5,12.5,12.0,,,,,,,,,,,,,,,,,,,,,,,,,,,,,,,,,,,,,,,,,,,,,,,,,,,,,,,,,,,,,,,1,1.0
259,,,,,,,,,,,,,,,,,,,3.0,,4.0,5.0,,,4.0,5.0,5.0,5.0,7.0,14.0,13.0,13.0,12.0,12.0,12.0,11.5,12.5,12.0,,,,,,,,,,,,,,,,,,,,,,,,,,,,,,,,,,,,,,,,,,,,,,,,,,,,,,,,,,,,,,,1,1.0
260,,,,,,,,,,,,,,,,,,,4.0,,2.0,3.0,,,4.0,5.0,5.0,5.0,5.0,14.0,13.0,13.0,12.0,12.0,12.0,11.5,12.5,12.0,,,,,,,,,,,,,,,,,,,,,,,,,,,,,,,,,,,,,,,,,,,,,,,,,,,,,,,,,,,,,,,1,1.0
261,,,,,,,,,,,,,,,,,,,3.0,,3.0,3.0,,,4.0,6.0,5.0,5.0,6.0,14.0,13.0,13.0,12.0,12.0,12.0,11.5,12.5,12.0,,,,,,,,,,,,,,,,,,,,,,,,,,,,,,,,,,,,,,,,,,,,,,,,,,,,,,,,,,,,,,,1,1.0
262,,,,,,,,,,,,,,,,,,,3.0,,4.0,4.0,,,4.0,8.0,5.0,5.0,7.0,14.0,13.0,13.0,12.0,12.0,12.0,11.5,12.5,12.0,,,,,,,,,,,,,,,,,,,,,,,,,,,,,,,,,,,,,,,,,,,,,,,,,,,,,,,,,,,,,,,1,1.0
263,,,,,,,,,,,,,,,,,,,2.0,,2.0,3.0,,,1.0,8.0,5.0,5.0,3.0,14.0,13.0,13.0,12.0,12.0,12.0,11.5,12.5,12.0,,,,,,,,,,,,,,,,,,,,,,,,,,,,,,,,,,,,,,,,,,,,,,,,,,,,,,,,,,,,,,,1,1.0
264,,,,,,,,,,,,,,,,,,,3.0,,3.0,4.0,,,5.0,8.0,5.0,7.0,6.0,14.0,13.0,13.0,12.0,12.0,12.0,11.5,12.5,12.0,,,,,,,,,,,,,,,,,,,,,,,,,,,,,,,,,,,,,,,,,,,,,,,,,,,,,,,,,,,,,,,1,1.0
265,,,,,,,,,,,,,,,,,,,2.0,,3.0,2.0,,,2.0,7.0,5.0,8.0,7.0,14.0,13.0,13.0,12.0,12.0,12.0,11.5,12.5,12.0,,,,,,,,,,,,,,,,,,,,,,,,,,,,,,,,,,,,,,,,,,,,,,,,,,,,,,,,,,,,,,,1,1.0
267,,,,,,,,,,,,,,,,,,,2.0,,1.0,1.0,,,3.0,6.0,5.0,4.0,8.0,14.0,13.0,13.0,12.0,12.0,12.0,11.5,12.5,12.0,,,,,,,,,,,,,,,,,,,,,,,,,,,,,,,,,,,,,,,,,,,,,,,,,,,,,,,,,,,,,,,1,1.0
268,,,,,,,,,,,,,,,,,,,3.0,,4.0,4.0,,,3.0,7.0,5.0,4.0,4.0,14.0,13.0,13.0,12.0,12.0,12.0,11.5,12.5,12.0,,,,,,,,,,,,,,,,,,,,,,,,,,,,,,,,,,,,,,,,,,,,,,,,,,,,,,,,,,,,,,,1,1.0
269,,,,,,,,,,,,,,,,,,,1.0,,3.0,5.0,,,1.0,5.0,5.0,5.0,3.0,14.0,13.0,13.0,12.0,12.0,12.0,11.5,12.5,12.0,,,,,,,,,,,,,,,,,,,,,,,,,,,,,,,,,,,,,,,,,,,,,,,,,,,,,,,,,,,,,,,1,1.0
270,,,,,,,,,,,,,,,,,,,1.0,,5.0,3.0,,,1.0,7.0,5.0,5.0,3.0,14.0,13.0,13.0,12.0,12.0,12.0,11.5,12.5,12.0,,,,,,,,,,,,,,,,,,,,,,,,,,,,,,,,,,,,,,,,,,,,,,,,,,,,,,,,,,,,,,,1,1.0
271,,,,,,,,,,,,,,,,,,,3.0,,5.0,5.0,,,1.0,5.0,5.0,5.0,4.0,14.0,13.0,13.0,12.0,12.0,12.0,11.5,12.5,12.0,,,,,,,,,,,,,,,,,,,,,,,,,,,,,,,,,,,,,,,,,,,,,,,,,,,,,,,,,,,,,,,1,1.0
272,,,,,,,,,,,,,,,,,,,2.0,,3.0,4.0,,,3.0,7.0,5.0,6.0,6.0,14.0,13.0,13.0,12.0,12.0,12.0,11.5,12.5,12.0,,,,,,,,,,,,,,,,,,,,,,,,,,,,,,,,,,,,,,,,,,,,,,,,,,,,,,,,,,,,,,,1,1.0
273,,,,,,,,,,,,,,,,,,,3.0,,3.0,3.0,,,2.0,8.0,5.0,6.0,7.0,14.0,13.0,13.0,12.0,12.0,12.0,11.5,12.5,12.0,,,,,,,,,,,,,,,,,,,,,,,,,,,,,,,,,,,,,,,,,,,,,,,,,,,,,,,,,,,,,,,1,1.0
274,,,,,,,,,,,,,,,,,,,2.0,,4.0,4.0,,,3.0,9.0,5.0,7.0,5.0,14.0,13.0,13.0,12.0,12.0,12.0,11.5,12.5,12.0,,,,,,,,,,,,,,,,,,,,,,,,,,,,,,,,,,,,,,,,,,,,,,,,,,,,,,,,,,,,,,,1,1.0
275,,,,,,,,,,,,,,,,,,,3.0,,4.0,4.0,,,3.0,7.0,5.0,7.0,7.0,14.0,13.0,13.0,12.0,12.0,12.0,11.5,12.5,12.0,,,,,,,,,,,,,,,,,,,,,,,,,,,,,,,,,,,,,,,,,,,,,,,,,,,,,,,,,,,,,,,1,1.0
276,,,,,,,,,,,,,,,,,,,3.0,,4.0,5.0,,,4.0,8.0,5.0,7.0,7.0,14.0,13.0,13.0,12.0,12.0,12.0,11.5,12.5,12.0,,,,,,,,,,,,,,,,,,,,,,,,,,,,,,,,,,,,,,,,,,,,,,,,,,,,,,,,,,,,,,,1,1.0
277,,,,,,,,,,,,,,,,,,,3.0,,3.0,5.0,,,3.0,7.0,5.0,8.0,5.0,14.0,13.0,13.0,12.0,12.0,12.0,11.5,12.5,12.0,,,,,,,,,,,,,,,,,,,,,,,,,,,,,,,,,,,,,,,,,,,,,,,,,,,,,,,,,,,,,,,1,1.0
278,,,,,,,,,,,,,,,,,,,3.0,,4.0,4.0,,,4.0,6.0,5.0,5.0,8.0,14.0,13.0,13.0,12.0,12.0,12.0,11.5,12.5,12.0,,,,,,,,,,,,,,,,,,,,,,,,,,,,,,,,,,,,,,,,,,,,,,,,,,,,,,,,,,,,,,,1,1.0
279,,,,,,,,,,,,,,,,,,,2.0,,1.0,4.0,,,3.0,6.0,5.0,5.0,3.0,14.0,13.0,13.0,12.0,12.0,12.0,11.5,12.5,12.0,,,,,,,,,,,,,,,,,,,,,,,,,,,,,,,,,,,,,,,,,,,,,,,,,,,,,,,,,,,,,,,1,1.0
280,,,,,,,,,,,,,,,,,,,3.0,,3.0,3.0,,,3.0,7.0,5.0,6.0,5.0,14.0,13.0,13.0,12.0,12.0,12.0,11.5,12.5,12.0,,,,,,,,,,,,,,,,,,,,,,,,,,,,,,,,,,,,,,,,,,,,,,,,,,,,,,,,,,,,,,,1,1.0
281,,,,,,,,,,,,,,,,,,,3.0,,4.0,5.0,,,3.0,7.0,5.0,6.0,3.0,14.0,13.0,13.0,12.0,12.0,12.0,11.5,12.5,12.0,,,,,,,,,,,,,,,,,,,,,,,,,,,,,,,,,,,,,,,,,,,,,,,,,,,,,,,,,,,,,,,1,1.0
282,,,,,,,,,,,,,,,,,,,2.0,,3.0,4.0,,,3.0,8.0,5.0,7.0,3.0,14.0,13.0,13.0,12.0,12.0,12.0,11.5,12.5,12.0,,,,,,,,,,,,,,,,,,,,,,,,,,,,,,,,,,,,,,,,,,,,,,,,,,,,,,,,,,,,,,,1,1.0
283,,,,,,,,,,,,,,,,,,,3.0,,3.0,5.0,,,1.0,7.0,5.0,7.0,8.0,14.0,13.0,13.0,12.0,12.0,12.0,11.5,12.5,12.0,,,,,,,,,,,,,,,,,,,,,,,,,,,,,,,,,,,,,,,,,,,,,,,,,,,,,,,,,,,,,,,1,1.0
284,,,,,,,,,,,,,,,,,,,3.0,,5.0,5.0,,,3.0,10.0,5.0,8.0,7.0,14.0,13.0,13.0,12.0,12.0,12.0,11.5,12.5,12.0,,,,,,,,,,,,,,,,,,,,,,,,,,,,,,,,,,,,,,,,,,,,,,,,,,,,,,,,,,,,,,,1,1.0
286,,,,,,,,,,,,,,,,,,,2.0,,4.0,5.0,,,4.0,8.0,5.0,5.0,5.0,14.0,13.0,13.0,12.0,12.0,12.0,11.5,12.5,12.0,,,,,,,,,,,,,,,,,,,,,,,,,,,,,,,,,,,,,,,,,,,,,,,,,,,,,,,,,,,,,,,1,1.0
287,,,,,,,,,,,,,,,,,,,3.0,,3.0,3.0,,,5.0,3.0,5.0,6.0,3.0,14.0,13.0,13.0,12.0,12.0,12.0,11.5,12.5,12.0,,,,,,,,,,,,,,,,,,,,,,,,,,,,,,,,,,,,,,,,,,,,,,,,,,,,,,,,,,,,,,,1,1.0
289,,,,,,,,,,,,,,,,,,,2.0,,2.0,4.0,,,4.0,8.0,6.0,4.0,1.0,14.0,13.0,13.0,12.0,12.0,12.0,11.5,12.5,12.0,,,,,,,,,,,,,,,,,,,,,,,,,,,,,,,,,,,,,,,,,,,,,,,,,,,,,,,,,,,,,,,1,1.0
290,,,,,,,,,,,,,,,,,,,3.0,,5.0,5.0,,,4.0,6.0,6.0,6.0,7.0,14.0,13.0,13.0,12.0,12.0,12.0,11.5,12.5,12.0,,,,,,,,,,,,,,,,,,,,,,,,,,,,,,,,,,,,,,,,,,,,,,,,,,,,,,,,,,,,,,,1,1.0
291,,,,,,,,,,,,,,,,,,,3.0,,4.0,5.0,,,3.0,7.0,6.0,6.0,3.0,14.0,13.0,13.0,12.0,12.0,12.0,11.5,12.5,12.0,,,,,,,,,,,,,,,,,,,,,,,,,,,,,,,,,,,,,,,,,,,,,,,,,,,,,,,,,,,,,,,1,1.0
292,,,,,,,,,,,,,,,,,,,3.0,,4.0,5.0,,,3.0,5.0,6.0,6.0,6.0,14.0,13.0,13.0,12.0,12.0,12.0,11.5,12.5,12.0,,,,,,,,,,,,,,,,,,,,,,,,,,,,,,,,,,,,,,,,,,,,,,,,,,,,,,,,,,,,,,,1,1.0
293,,,,,,,,,,,,,,,,,,,2.0,,4.0,5.0,,,4.0,5.0,6.0,4.0,4.0,14.0,13.0,13.0,12.0,12.0,12.0,11.5,12.5,12.0,,,,,,,,,,,,,,,,,,,,,,,,,,,,,,,,,,,,,,,,,,,,,,,,,,,,,,,,,,,,,,,1,1.0
294,,,,,,,,,,,,,,,,,,,3.0,,2.0,3.0,,,4.0,7.0,6.0,5.0,5.0,14.0,13.0,13.0,12.0,12.0,12.0,11.5,12.5,12.0,,,,,,,,,,,,,,,,,,,,,,,,,,,,,,,,,,,,,,,,,,,,,,,,,,,,,,,,,,,,,,,1,1.0
295,,,,,,,,,,,,,,,,,,,3.0,,5.0,5.0,,,4.0,7.0,6.0,6.0,6.0,14.0,13.0,13.0,12.0,12.0,12.0,11.5,12.5,12.0,,,,,,,,,,,,,,,,,,,,,,,,,,,,,,,,,,,,,,,,,,,,,,,,,,,,,,,,,,,,,,,1,1.0
296,,,,,,,,,,,,,,,,,,,2.0,,3.0,4.0,,,1.0,5.0,6.0,6.0,7.0,14.0,13.0,13.0,12.0,12.0,12.0,11.5,12.5,12.0,,,,,,,,,,,,,,,,,,,,,,,,,,,,,,,,,,,,,,,,,,,,,,,,,,,,,,,,,,,,,,,1,1.0
300,,,,,,,,,,,,,,,,,,,2.0,,4.0,4.0,,,2.0,8.0,6.0,4.0,3.0,14.0,13.0,13.0,12.0,12.0,12.0,11.5,12.5,12.0,,,,,,,,,,,,,,,,,,,,,,,,,,,,,,,,,,,,,,,,,,,,,,,,,,,,,,,,,,,,,,,1,1.0
301,,,,,,,,,,,,,,,,,,,3.0,,3.0,3.0,,,4.0,8.0,6.0,5.0,1.0,14.0,13.0,13.0,12.0,12.0,12.0,11.5,12.5,12.0,,,,,,,,,,,,,,,,,,,,,,,,,,,,,,,,,,,,,,,,,,,,,,,,,,,,,,,,,,,,,,,1,1.0
302,,,,,,,,,,,,,,,,,,,2.0,,3.0,4.0,,,3.0,8.0,6.0,5.0,5.0,14.0,13.0,13.0,12.0,12.0,12.0,11.5,12.5,12.0,,,,,,,,,,,,,,,,,,,,,,,,,,,,,,,,,,,,,,,,,,,,,,,,,,,,,,,,,,,,,,,1,1.0
303,,,,,,,,,,,,,,,,,,,2.0,,4.0,5.0,,,3.0,10.0,6.0,5.0,6.0,14.0,13.0,13.0,12.0,12.0,12.0,11.5,12.5,12.0,,,,,,,,,,,,,,,,,,,,,,,,,,,,,,,,,,,,,,,,,,,,,,,,,,,,,,,,,,,,,,,1,1.0
304,,,,,,,,,,,,,,,,,,,2.0,,1.0,2.0,,,2.0,8.0,6.0,6.0,6.0,14.0,13.0,13.0,12.0,12.0,12.0,11.5,12.5,12.0,,,,,,,,,,,,,,,,,,,,,,,,,,,,,,,,,,,,,,,,,,,,,,,,,,,,,,,,,,,,,,,1,1.0
305,,,,,,,,,,,,,,,,,,,2.0,,3.0,5.0,,,3.0,9.0,6.0,6.0,4.0,14.0,13.0,13.0,12.0,12.0,12.0,11.5,12.5,12.0,,,,,,,,,,,,,,,,,,,,,,,,,,,,,,,,,,,,,,,,,,,,,,,,,,,,,,,,,,,,,,,1,1.0
306,,,,,,,,,,,,,,,,,,,3.0,,3.0,4.0,,,3.0,7.0,6.0,6.0,3.0,14.0,13.0,13.0,12.0,12.0,12.0,11.5,12.5,12.0,,,,,,,,,,,,,,,,,,,,,,,,,,,,,,,,,,,,,,,,,,,,,,,,,,,,,,,,,,,,,,,1,1.0
307,,,,,,,,,,,,,,,,,,,3.0,,4.0,3.0,,,2.0,7.0,6.0,7.0,6.0,14.0,13.0,13.0,12.0,12.0,12.0,11.5,12.5,12.0,,,,,,,,,,,,,,,,,,,,,,,,,,,,,,,,,,,,,,,,,,,,,,,,,,,,,,,,,,,,,,,1,1.0
310,,,,,,,,,,,,,,,,,,,3.0,,4.0,4.0,,,3.0,7.0,6.0,5.0,6.0,14.0,13.0,13.0,12.0,12.0,12.0,11.5,12.5,12.0,,,,,,,,,,,,,,,,,,,,,,,,,,,,,,,,,,,,,,,,,,,,,,,,,,,,,,,,,,,,,,,1,1.0
311,,,,,,,,,,,,,,,,,,,1.0,,5.0,5.0,,,5.0,6.0,6.0,6.0,8.0,14.0,13.0,13.0,12.0,12.0,12.0,11.5,12.5,12.0,,,,,,,,,,,,,,,,,,,,,,,,,,,,,,,,,,,,,,,,,,,,,,,,,,,,,,,,,,,,,,,1,1.0
312,,,,,,,,,,,,,,,,,,,3.0,,1.0,5.0,,,4.0,1.0,6.0,8.0,9.0,14.0,13.0,13.0,12.0,12.0,12.0,11.5,12.5,12.0,,,,,,,,,,,,,,,,,,,,,,,,,,,,,,,,,,,,,,,,,,,,,,,,,,,,,,,,,,,,,,,1,1.0
314,,,,,,,,,,,,,,,,,,,3.0,,3.0,3.0,,,1.0,6.0,6.0,4.0,5.0,14.0,13.0,13.0,12.0,12.0,12.0,11.5,12.5,12.0,,,,,,,,,,,,,,,,,,,,,,,,,,,,,,,,,,,,,,,,,,,,,,,,,,,,,,,,,,,,,,,1,1.0
315,,,,,,,,,,,,,,,,,,,2.0,,3.0,3.0,,,3.0,6.0,6.0,4.0,2.0,14.0,13.0,13.0,12.0,12.0,12.0,11.5,12.5,12.0,,,,,,,,,,,,,,,,,,,,,,,,,,,,,,,,,,,,,,,,,,,,,,,,,,,,,,,,,,,,,,,1,1.0
316,,,,,,,,,,,,,,,,,,,3.0,,3.0,4.0,,,3.0,6.0,6.0,5.0,6.0,14.0,13.0,13.0,12.0,12.0,12.0,11.5,12.5,12.0,,,,,,,,,,,,,,,,,,,,,,,,,,,,,,,,,,,,,,,,,,,,,,,,,,,,,,,,,,,,,,,1,1.0
317,,,,,,,,,,,,,,,,,,,1.0,,2.0,1.0,,,1.0,6.0,6.0,5.0,5.0,14.0,13.0,13.0,12.0,12.0,12.0,11.5,12.5,12.0,,,,,,,,,,,,,,,,,,,,,,,,,,,,,,,,,,,,,,,,,,,,,,,,,,,,,,,,,,,,,,,1,1.0
318,,,,,,,,,,,,,,,,,,,3.0,,4.0,5.0,,,3.0,4.0,6.0,6.0,6.0,14.0,13.0,13.0,12.0,12.0,12.0,11.5,12.5,12.0,,,,,,,,,,,,,,,,,,,,,,,,,,,,,,,,,,,,,,,,,,,,,,,,,,,,,,,,,,,,,,,1,1.0
319,,,,,,,,,,,,,,,,,,,2.0,,5.0,4.0,,,3.0,8.0,6.0,6.0,5.0,14.0,13.0,13.0,12.0,12.0,12.0,11.5,12.5,12.0,,,,,,,,,,,,,,,,,,,,,,,,,,,,,,,,,,,,,,,,,,,,,,,,,,,,,,,,,,,,,,,1,1.0
320,,,,,,,,,,,,,,,,,,,2.0,,3.0,4.0,,,1.0,7.0,6.0,6.0,7.0,14.0,13.0,13.0,12.0,12.0,12.0,11.5,12.5,12.0,,,,,,,,,,,,,,,,,,,,,,,,,,,,,,,,,,,,,,,,,,,,,,,,,,,,,,,,,,,,,,,1,1.0
321,,,,,,,,,,,,,,,,,,,3.0,,4.0,5.0,,,5.0,10.0,6.0,8.0,7.0,14.0,13.0,13.0,12.0,12.0,12.0,11.5,12.5,12.0,,,,,,,,,,,,,,,,,,,,,,,,,,,,,,,,,,,,,,,,,,,,,,,,,,,,,,,,,,,,,,,1,1.0
322,,,,,,,,,,,,,,,,,,,2.0,,4.0,5.0,,,3.0,8.0,6.0,8.0,6.0,14.0,13.0,13.0,12.0,12.0,12.0,11.5,12.5,12.0,,,,,,,,,,,,,,,,,,,,,,,,,,,,,,,,,,,,,,,,,,,,,,,,,,,,,,,,,,,,,,,1,1.0
323,,,,,,,,,,,,,,,,,,,2.0,,3.0,2.0,,,2.0,9.0,6.0,6.0,5.0,14.0,13.0,13.0,12.0,12.0,12.0,11.5,12.5,12.0,,,,,,,,,,,,,,,,,,,,,,,,,,,,,,,,,,,,,,,,,,,,,,,,,,,,,,,,,,,,,,,1,1.0
326,,,,,,,,,,,,,,,,,,,3.0,,4.0,4.0,,,3.0,9.0,6.0,4.0,7.0,14.0,13.0,13.0,12.0,12.0,12.0,11.5,12.5,12.0,,,,,,,,,,,,,,,,,,,,,,,,,,,,,,,,,,,,,,,,,,,,,,,,,,,,,,,,,,,,,,,1,1.0
327,,,,,,,,,,,,,,,,,,,3.0,,4.0,4.0,,,4.0,8.0,6.0,5.0,5.0,14.0,13.0,13.0,12.0,12.0,12.0,11.5,12.5,12.0,,,,,,,,,,,,,,,,,,,,,,,,,,,,,,,,,,,,,,,,,,,,,,,,,,,,,,,,,,,,,,,1,1.0
328,,,,,,,,,,,,,,,,,,,2.0,,4.0,4.0,,,4.0,6.0,6.0,5.0,6.0,14.0,13.0,13.0,12.0,12.0,12.0,11.5,12.5,12.0,,,,,,,,,,,,,,,,,,,,,,,,,,,,,,,,,,,,,,,,,,,,,,,,,,,,,,,,,,,,,,,1,1.0
329,,,,,,,,,,,,,,,,,,,4.0,,4.0,4.0,,,3.0,8.0,6.0,6.0,7.0,14.0,13.0,13.0,12.0,12.0,12.0,11.5,12.5,12.0,,,,,,,,,,,,,,,,,,,,,,,,,,,,,,,,,,,,,,,,,,,,,,,,,,,,,,,,,,,,,,,1,1.0
330,,,,,,,,,,,,,,,,,,,3.0,,3.0,3.0,,,3.0,6.0,6.0,6.0,7.0,14.0,13.0,13.0,12.0,12.0,12.0,11.5,12.5,12.0,,,,,,,,,,,,,,,,,,,,,,,,,,,,,,,,,,,,,,,,,,,,,,,,,,,,,,,,,,,,,,,1,1.0
331,,,,,,,,,,,,,,,,,,,2.0,,4.0,4.0,,,4.0,5.0,6.0,6.0,7.0,14.0,13.0,13.0,12.0,12.0,12.0,11.5,12.5,12.0,,,,,,,,,,,,,,,,,,,,,,,,,,,,,,,,,,,,,,,,,,,,,,,,,,,,,,,,,,,,,,,1,1.0
334,,,,,,,,,,,,,,,,,,,3.0,,3.0,4.0,,,5.0,6.0,7.0,6.0,7.0,14.0,13.0,13.0,12.0,12.0,12.0,11.5,12.5,12.0,,,,,,,,,,,,,,,,,,,,,,,,,,,,,,,,,,,,,,,,,,,,,,,,,,,,,,,,,,,,,,,1,1.0
335,,,,,,,,,,,,,,,,,,,4.0,,4.0,4.0,,,4.0,6.0,7.0,6.0,7.0,14.0,13.0,13.0,12.0,12.0,12.0,11.5,12.5,12.0,,,,,,,,,,,,,,,,,,,,,,,,,,,,,,,,,,,,,,,,,,,,,,,,,,,,,,,,,,,,,,,1,1.0
337,,,,,,,,,,,,,,,,,,,4.0,,4.0,4.0,,,4.0,8.0,7.0,8.0,8.0,14.0,13.0,13.0,12.0,12.0,12.0,11.5,12.5,12.0,,,,,,,,,,,,,,,,,,,,,,,,,,,,,,,,,,,,,,,,,,,,,,,,,,,,,,,,,,,,,,,1,1.0
340,,,,,,,,,,,,,,,,,,,3.0,,4.0,4.0,,,4.0,7.0,7.0,6.0,6.0,14.0,13.0,13.0,12.0,12.0,12.0,11.5,12.5,12.0,,,,,,,,,,,,,,,,,,,,,,,,,,,,,,,,,,,,,,,,,,,,,,,,,,,,,,,,,,,,,,,1,1.0
341,,,,,,,,,,,,,,,,,,,1.0,,2.0,5.0,,,1.0,6.0,7.0,7.0,6.0,14.0,13.0,13.0,12.0,12.0,12.0,11.5,12.5,12.0,,,,,,,,,,,,,,,,,,,,,,,,,,,,,,,,,,,,,,,,,,,,,,,,,,,,,,,,,,,,,,,1,1.0
342,,,,,,,,,,,,,,,,,,,2.0,,4.0,4.0,,,3.0,8.0,7.0,7.0,6.0,14.0,13.0,13.0,12.0,12.0,12.0,11.5,12.5,12.0,,,,,,,,,,,,,,,,,,,,,,,,,,,,,,,,,,,,,,,,,,,,,,,,,,,,,,,,,,,,,,,1,1.0
343,,,,,,,,,,,,,,,,,,,2.0,,3.0,2.0,,,3.0,8.0,7.0,7.0,4.0,14.0,13.0,13.0,12.0,12.0,12.0,11.5,12.5,12.0,,,,,,,,,,,,,,,,,,,,,,,,,,,,,,,,,,,,,,,,,,,,,,,,,,,,,,,,,,,,,,,1,1.0
344,,,,,,,,,,,,,,,,,,,3.0,,3.0,4.0,,,2.0,9.0,7.0,8.0,5.0,14.0,13.0,13.0,12.0,12.0,12.0,11.5,12.5,12.0,,,,,,,,,,,,,,,,,,,,,,,,,,,,,,,,,,,,,,,,,,,,,,,,,,,,,,,,,,,,,,,1,1.0
351,,,,,,,,,,,,,,,,,,,1.0,,1.0,3.0,,,1.0,5.0,7.0,4.0,7.0,14.0,13.0,13.0,12.0,12.0,12.0,11.5,12.5,12.0,,,,,,,,,,,,,,,,,,,,,,,,,,,,,,,,,,,,,,,,,,,,,,,,,,,,,,,,,,,,,,,1,1.0
352,,,,,,,,,,,,,,,,,,,3.0,,2.0,2.0,,,4.0,6.0,7.0,4.0,2.0,14.0,13.0,13.0,12.0,12.0,12.0,11.5,12.5,12.0,,,,,,,,,,,,,,,,,,,,,,,,,,,,,,,,,,,,,,,,,,,,,,,,,,,,,,,,,,,,,,,1,1.0
353,,,,,,,,,,,,,,,,,,,3.0,,5.0,5.0,,,3.0,9.0,7.0,5.0,6.0,14.0,13.0,13.0,12.0,12.0,12.0,11.5,12.5,12.0,,,,,,,,,,,,,,,,,,,,,,,,,,,,,,,,,,,,,,,,,,,,,,,,,,,,,,,,,,,,,,,1,1.0
354,,,,,,,,,,,,,,,,,,,2.0,,2.0,1.0,,,4.0,5.0,7.0,5.0,2.0,14.0,13.0,13.0,12.0,12.0,12.0,11.5,12.5,12.0,,,,,,,,,,,,,,,,,,,,,,,,,,,,,,,,,,,,,,,,,,,,,,,,,,,,,,,,,,,,,,,1,1.0
355,,,,,,,,,,,,,,,,,,,4.0,,5.0,5.0,,,3.0,6.0,7.0,6.0,2.0,14.0,13.0,13.0,12.0,12.0,12.0,11.5,12.5,12.0,,,,,,,,,,,,,,,,,,,,,,,,,,,,,,,,,,,,,,,,,,,,,,,,,,,,,,,,,,,,,,,1,1.0
356,,,,,,,,,,,,,,,,,,,2.0,,4.0,4.0,,,2.0,6.0,7.0,6.0,7.0,14.0,13.0,13.0,12.0,12.0,12.0,11.5,12.5,12.0,,,,,,,,,,,,,,,,,,,,,,,,,,,,,,,,,,,,,,,,,,,,,,,,,,,,,,,,,,,,,,,1,1.0
357,,,,,,,,,,,,,,,,,,,3.0,,4.0,4.0,,,3.0,6.0,7.0,6.0,5.0,14.0,13.0,13.0,12.0,12.0,12.0,11.5,12.5,12.0,,,,,,,,,,,,,,,,,,,,,,,,,,,,,,,,,,,,,,,,,,,,,,,,,,,,,,,,,,,,,,,1,1.0
358,,,,,,,,,,,,,,,,,,,4.0,,4.0,3.0,,,4.0,8.0,7.0,6.0,7.0,14.0,13.0,13.0,12.0,12.0,12.0,11.5,12.5,12.0,,,,,,,,,,,,,,,,,,,,,,,,,,,,,,,,,,,,,,,,,,,,,,,,,,,,,,,,,,,,,,,1,1.0
359,,,,,,,,,,,,,,,,,,,3.0,,4.0,4.0,,,4.0,8.0,7.0,7.0,6.0,14.0,13.0,13.0,12.0,12.0,12.0,11.5,12.5,12.0,,,,,,,,,,,,,,,,,,,,,,,,,,,,,,,,,,,,,,,,,,,,,,,,,,,,,,,,,,,,,,,1,1.0
360,,,,,,,,,,,,,,,,,,,2.0,,3.0,3.0,,,3.0,9.0,7.0,7.0,7.0,14.0,13.0,13.0,12.0,12.0,12.0,11.5,12.5,12.0,,,,,,,,,,,,,,,,,,,,,,,,,,,,,,,,,,,,,,,,,,,,,,,,,,,,,,,,,,,,,,,1,1.0
361,,,,,,,,,,,,,,,,,,,4.0,,5.0,4.0,,,4.0,5.0,7.0,7.0,6.0,14.0,13.0,13.0,12.0,12.0,12.0,11.5,12.5,12.0,,,,,,,,,,,,,,,,,,,,,,,,,,,,,,,,,,,,,,,,,,,,,,,,,,,,,,,,,,,,,,,1,1.0
362,,,,,,,,,,,,,,,,,,,3.0,,3.0,5.0,,,5.0,10.0,7.0,7.0,7.0,14.0,13.0,13.0,12.0,12.0,12.0,11.5,12.5,12.0,,,,,,,,,,,,,,,,,,,,,,,,,,,,,,,,,,,,,,,,,,,,,,,,,,,,,,,,,,,,,,,1,1.0
363,,,,,,,,,,,,,,,,,,,2.0,,3.0,3.0,,,3.0,7.0,7.0,8.0,6.0,14.0,13.0,13.0,12.0,12.0,12.0,11.5,12.5,12.0,,,,,,,,,,,,,,,,,,,,,,,,,,,,,,,,,,,,,,,,,,,,,,,,,,,,,,,,,,,,,,,1,1.0
368,,,,,,,,,,,,,,,,,,,4.0,,5.0,5.0,,,5.0,3.0,7.0,4.0,8.0,14.0,13.0,13.0,12.0,12.0,12.0,11.5,12.5,12.0,,,,,,,,,,,,,,,,,,,,,,,,,,,,,,,,,,,,,,,,,,,,,,,,,,,,,,,,,,,,,,,1,1.0
369,,,,,,,,,,,,,,,,,,,3.0,,4.0,4.0,,,4.0,8.0,7.0,5.0,6.0,14.0,13.0,13.0,12.0,12.0,12.0,11.5,12.5,12.0,,,,,,,,,,,,,,,,,,,,,,,,,,,,,,,,,,,,,,,,,,,,,,,,,,,,,,,,,,,,,,,1,1.0
370,,,,,,,,,,,,,,,,,,,3.0,,4.0,4.0,,,3.0,5.0,7.0,5.0,7.0,14.0,13.0,13.0,12.0,12.0,12.0,11.5,12.5,12.0,,,,,,,,,,,,,,,,,,,,,,,,,,,,,,,,,,,,,,,,,,,,,,,,,,,,,,,,,,,,,,,1,1.0
371,,,,,,,,,,,,,,,,,,,3.0,,5.0,4.0,,,3.0,10.0,7.0,6.0,9.0,14.0,13.0,13.0,12.0,12.0,12.0,11.5,12.5,12.0,,,,,,,,,,,,,,,,,,,,,,,,,,,,,,,,,,,,,,,,,,,,,,,,,,,,,,,,,,,,,,,1,1.0
372,,,,,,,,,,,,,,,,,,,3.0,,4.0,5.0,,,3.0,8.0,7.0,6.0,7.0,14.0,13.0,13.0,12.0,12.0,12.0,11.5,12.5,12.0,,,,,,,,,,,,,,,,,,,,,,,,,,,,,,,,,,,,,,,,,,,,,,,,,,,,,,,,,,,,,,,1,1.0
373,,,,,,,,,,,,,,,,,,,2.0,,3.0,4.0,,,2.0,8.0,7.0,6.0,5.0,14.0,13.0,13.0,12.0,12.0,12.0,11.5,12.5,12.0,,,,,,,,,,,,,,,,,,,,,,,,,,,,,,,,,,,,,,,,,,,,,,,,,,,,,,,,,,,,,,,1,1.0
374,,,,,,,,,,,,,,,,,,,3.0,,5.0,5.0,,,3.0,4.0,7.0,6.0,5.0,14.0,13.0,13.0,12.0,12.0,12.0,11.5,12.5,12.0,,,,,,,,,,,,,,,,,,,,,,,,,,,,,,,,,,,,,,,,,,,,,,,,,,,,,,,,,,,,,,,1,1.0
375,,,,,,,,,,,,,,,,,,,3.0,,3.0,4.0,,,3.0,9.0,7.0,7.0,6.0,14.0,13.0,13.0,12.0,12.0,12.0,11.5,12.5,12.0,,,,,,,,,,,,,,,,,,,,,,,,,,,,,,,,,,,,,,,,,,,,,,,,,,,,,,,,,,,,,,,1,1.0
376,,,,,,,,,,,,,,,,,,,3.0,,4.0,5.0,,,3.0,9.0,7.0,7.0,6.0,14.0,13.0,13.0,12.0,12.0,12.0,11.5,12.5,12.0,,,,,,,,,,,,,,,,,,,,,,,,,,,,,,,,,,,,,,,,,,,,,,,,,,,,,,,,,,,,,,,1,1.0
377,,,,,,,,,,,,,,,,,,,2.0,,3.0,5.0,,,5.0,5.0,7.0,7.0,5.0,14.0,13.0,13.0,12.0,12.0,12.0,11.5,12.5,12.0,,,,,,,,,,,,,,,,,,,,,,,,,,,,,,,,,,,,,,,,,,,,,,,,,,,,,,,,,,,,,,,1,1.0
378,,,,,,,,,,,,,,,,,,,4.0,,5.0,5.0,,,4.0,6.0,7.0,8.0,8.0,14.0,13.0,13.0,12.0,12.0,12.0,11.5,12.5,12.0,,,,,,,,,,,,,,,,,,,,,,,,,,,,,,,,,,,,,,,,,,,,,,,,,,,,,,,,,,,,,,,1,1.0
379,,,,,,,,,,,,,,,,,,,2.0,,1.0,2.0,,,1.0,9.0,7.0,7.0,6.0,14.0,13.0,13.0,12.0,12.0,12.0,11.5,12.5,12.0,,,,,,,,,,,,,,,,,,,,,,,,,,,,,,,,,,,,,,,,,,,,,,,,,,,,,,,,,,,,,,,1,1.0
380,,,,,,,,,,,,,,,,,,,3.0,,4.0,5.0,,,2.0,7.0,7.0,9.0,6.0,14.0,13.0,13.0,12.0,12.0,12.0,11.5,12.5,12.0,,,,,,,,,,,,,,,,,,,,,,,,,,,,,,,,,,,,,,,,,,,,,,,,,,,,,,,,,,,,,,,1,1.0
382,,,,,,,,,,,,,,,,,,,3.0,,4.0,4.0,,,4.0,5.0,7.0,3.0,8.0,14.0,13.0,13.0,12.0,12.0,12.0,11.5,12.5,12.0,,,,,,,,,,,,,,,,,,,,,,,,,,,,,,,,,,,,,,,,,,,,,,,,,,,,,,,,,,,,,,,1,1.0
383,,,,,,,,,,,,,,,,,,,3.0,,4.0,3.0,,,4.0,8.0,7.0,6.0,6.0,14.0,13.0,13.0,12.0,12.0,12.0,11.5,12.5,12.0,,,,,,,,,,,,,,,,,,,,,,,,,,,,,,,,,,,,,,,,,,,,,,,,,,,,,,,,,,,,,,,1,1.0
384,,,,,,,,,,,,,,,,,,,2.0,,5.0,5.0,,,2.0,9.0,7.0,6.0,4.0,14.0,13.0,13.0,12.0,12.0,12.0,11.5,12.5,12.0,,,,,,,,,,,,,,,,,,,,,,,,,,,,,,,,,,,,,,,,,,,,,,,,,,,,,,,,,,,,,,,1,1.0
385,,,,,,,,,,,,,,,,,,,3.0,,2.0,3.0,,,2.0,4.0,7.0,6.0,5.0,14.0,13.0,13.0,12.0,12.0,12.0,11.5,12.5,12.0,,,,,,,,,,,,,,,,,,,,,,,,,,,,,,,,,,,,,,,,,,,,,,,,,,,,,,,,,,,,,,,1,1.0
386,,,,,,,,,,,,,,,,,,,1.0,,1.0,2.0,,,5.0,7.0,7.0,6.0,8.0,14.0,13.0,13.0,12.0,12.0,12.0,11.5,12.5,12.0,,,,,,,,,,,,,,,,,,,,,,,,,,,,,,,,,,,,,,,,,,,,,,,,,,,,,,,,,,,,,,,1,1.0
387,,,,,,,,,,,,,,,,,,,3.0,,3.0,3.0,,,3.0,7.0,7.0,7.0,6.0,14.0,13.0,13.0,12.0,12.0,12.0,11.5,12.5,12.0,,,,,,,,,,,,,,,,,,,,,,,,,,,,,,,,,,,,,,,,,,,,,,,,,,,,,,,,,,,,,,,1,1.0
388,,,,,,,,,,,,,,,,,,,2.0,,2.0,2.0,,,2.0,8.0,7.0,7.0,7.0,14.0,13.0,13.0,12.0,12.0,12.0,11.5,12.5,12.0,,,,,,,,,,,,,,,,,,,,,,,,,,,,,,,,,,,,,,,,,,,,,,,,,,,,,,,,,,,,,,,1,1.0
389,,,,,,,,,,,,,,,,,,,3.0,,5.0,5.0,,,3.0,9.0,7.0,7.0,6.0,14.0,13.0,13.0,12.0,12.0,12.0,11.5,12.5,12.0,,,,,,,,,,,,,,,,,,,,,,,,,,,,,,,,,,,,,,,,,,,,,,,,,,,,,,,,,,,,,,,1,1.0
390,,,,,,,,,,,,,,,,,,,4.0,,5.0,5.0,,,4.0,8.0,7.0,7.0,7.0,14.0,13.0,13.0,12.0,12.0,12.0,11.5,12.5,12.0,,,,,,,,,,,,,,,,,,,,,,,,,,,,,,,,,,,,,,,,,,,,,,,,,,,,,,,,,,,,,,,1,1.0
391,,,,,,,,,,,,,,,,,,,3.0,,4.0,4.0,,,4.0,7.0,7.0,7.0,7.0,14.0,13.0,13.0,12.0,12.0,12.0,11.5,12.5,12.0,,,,,,,,,,,,,,,,,,,,,,,,,,,,,,,,,,,,,,,,,,,,,,,,,,,,,,,,,,,,,,,1,1.0
392,,,,,,,,,,,,,,,,,,,3.0,,5.0,5.0,,,3.0,6.0,7.0,6.0,6.0,14.0,13.0,13.0,12.0,12.0,12.0,11.5,12.5,12.0,,,,,,,,,,,,,,,,,,,,,,,,,,,,,,,,,,,,,,,,,,,,,,,,,,,,,,,,,,,,,,,1,1.0
393,,,,,,,,,,,,,,,,,,,3.0,,3.0,4.0,,,2.0,6.0,7.0,7.0,8.0,14.0,13.0,13.0,12.0,12.0,12.0,11.5,12.5,12.0,,,,,,,,,,,,,,,,,,,,,,,,,,,,,,,,,,,,,,,,,,,,,,,,,,,,,,,,,,,,,,,1,1.0
395,,,,,,,,,,,,,,,,,,,3.0,,4.0,4.0,,,3.0,8.0,8.0,4.0,6.0,14.0,13.0,13.0,12.0,12.0,12.0,11.5,12.5,12.0,,,,,,,,,,,,,,,,,,,,,,,,,,,,,,,,,,,,,,,,,,,,,,,,,,,,,,,,,,,,,,,1,1.0
396,,,,,,,,,,,,,,,,,,,2.0,,2.0,3.0,,,3.0,5.0,8.0,7.0,10.0,14.0,13.0,13.0,12.0,12.0,12.0,11.5,12.5,12.0,,,,,,,,,,,,,,,,,,,,,,,,,,,,,,,,,,,,,,,,,,,,,,,,,,,,,,,,,,,,,,,1,1.0
397,,,,,,,,,,,,,,,,,,,3.0,,4.0,5.0,,,3.0,7.0,8.0,7.0,6.0,14.0,13.0,13.0,12.0,12.0,12.0,11.5,12.5,12.0,,,,,,,,,,,,,,,,,,,,,,,,,,,,,,,,,,,,,,,,,,,,,,,,,,,,,,,,,,,,,,,1,1.0
398,,,,,,,,,,,,,,,,,,,3.0,,3.0,5.0,,,5.0,6.0,8.0,7.0,7.0,14.0,13.0,13.0,12.0,12.0,12.0,11.5,12.5,12.0,,,,,,,,,,,,,,,,,,,,,,,,,,,,,,,,,,,,,,,,,,,,,,,,,,,,,,,,,,,,,,,1,1.0
399,,,,,,,,,,,,,,,,,,,2.0,,3.0,4.0,,,3.0,9.0,8.0,7.0,10.0,14.0,13.0,13.0,12.0,12.0,12.0,11.5,12.5,12.0,,,,,,,,,,,,,,,,,,,,,,,,,,,,,,,,,,,,,,,,,,,,,,,,,,,,,,,,,,,,,,,1,1.0
400,,,,,,,,,,,,,,,,,,,3.0,,4.0,4.0,,,3.0,8.0,8.0,8.0,4.0,14.0,13.0,13.0,12.0,12.0,12.0,11.5,12.5,12.0,,,,,,,,,,,,,,,,,,,,,,,,,,,,,,,,,,,,,,,,,,,,,,,,,,,,,,,,,,,,,,,1,1.0
401,,,,,,,,,,,,,,,,,,,3.0,,4.0,5.0,,,3.0,9.0,8.0,8.0,7.0,14.0,13.0,13.0,12.0,12.0,12.0,11.5,12.5,12.0,,,,,,,,,,,,,,,,,,,,,,,,,,,,,,,,,,,,,,,,,,,,,,,,,,,,,,,,,,,,,,,1,1.0
402,,,,,,,,,,,,,,,,,,,3.0,,5.0,5.0,,,3.0,7.0,8.0,8.0,6.0,14.0,13.0,13.0,12.0,12.0,12.0,11.5,12.5,12.0,,,,,,,,,,,,,,,,,,,,,,,,,,,,,,,,,,,,,,,,,,,,,,,,,,,,,,,,,,,,,,,1,1.0
403,,,,,,,,,,,,,,,,,,,3.0,,5.0,5.0,,,3.0,10.0,8.0,8.0,8.0,14.0,13.0,13.0,12.0,12.0,12.0,11.5,12.5,12.0,,,,,,,,,,,,,,,,,,,,,,,,,,,,,,,,,,,,,,,,,,,,,,,,,,,,,,,,,,,,,,,1,1.0
404,,,,,,,,,,,,,,,,,,,4.0,,5.0,5.0,,,3.0,8.0,8.0,8.0,9.0,14.0,13.0,13.0,12.0,12.0,12.0,11.5,12.5,12.0,,,,,,,,,,,,,,,,,,,,,,,,,,,,,,,,,,,,,,,,,,,,,,,,,,,,,,,,,,,,,,,1,1.0
412,,,,,,,,,,,,,,,,,,,2.0,,1.0,1.0,,,3.0,9.0,8.0,7.0,5.0,14.0,13.0,13.0,12.0,12.0,12.0,11.5,12.5,12.0,,,,,,,,,,,,,,,,,,,,,,,,,,,,,,,,,,,,,,,,,,,,,,,,,,,,,,,,,,,,,,,1,1.0
414,,,,,,,,,,,,,,,,,,,3.0,,4.0,4.0,,,5.0,8.0,8.0,9.0,6.0,14.0,13.0,13.0,12.0,12.0,12.0,11.5,12.5,12.0,,,,,,,,,,,,,,,,,,,,,,,,,,,,,,,,,,,,,,,,,,,,,,,,,,,,,,,,,,,,,,,1,1.0
415,,,,,,,,,,,,,,,,,,,3.0,,4.0,5.0,,,5.0,8.0,8.0,10.0,5.0,14.0,13.0,13.0,12.0,12.0,12.0,11.5,12.5,12.0,,,,,,,,,,,,,,,,,,,,,,,,,,,,,,,,,,,,,,,,,,,,,,,,,,,,,,,,,,,,,,,1,1.0
418,,,,,,,,,,,,,,,,,,,3.0,,5.0,4.0,,,4.0,8.0,8.0,7.0,8.0,14.0,13.0,13.0,12.0,12.0,12.0,11.5,12.5,12.0,,,,,,,,,,,,,,,,,,,,,,,,,,,,,,,,,,,,,,,,,,,,,,,,,,,,,,,,,,,,,,,1,1.0
419,,,,,,,,,,,,,,,,,,,3.0,,5.0,5.0,,,4.0,7.0,8.0,7.0,6.0,14.0,13.0,13.0,12.0,12.0,12.0,11.5,12.5,12.0,,,,,,,,,,,,,,,,,,,,,,,,,,,,,,,,,,,,,,,,,,,,,,,,,,,,,,,,,,,,,,,1,1.0
420,,,,,,,,,,,,,,,,,,,2.0,,5.0,5.0,,,1.0,3.0,8.0,7.0,1.0,14.0,13.0,13.0,12.0,12.0,12.0,11.5,12.5,12.0,,,,,,,,,,,,,,,,,,,,,,,,,,,,,,,,,,,,,,,,,,,,,,,,,,,,,,,,,,,,,,,1,1.0
421,,,,,,,,,,,,,,,,,,,2.0,,4.0,5.0,,,2.0,9.0,8.0,7.0,6.0,14.0,13.0,13.0,12.0,12.0,12.0,11.5,12.5,12.0,,,,,,,,,,,,,,,,,,,,,,,,,,,,,,,,,,,,,,,,,,,,,,,,,,,,,,,,,,,,,,,1,1.0
422,,,,,,,,,,,,,,,,,,,3.0,,5.0,5.0,,,4.0,10.0,8.0,8.0,5.0,14.0,13.0,13.0,12.0,12.0,12.0,11.5,12.5,12.0,,,,,,,,,,,,,,,,,,,,,,,,,,,,,,,,,,,,,,,,,,,,,,,,,,,,,,,,,,,,,,,1,1.0
423,,,,,,,,,,,,,,,,,,,2.0,,2.0,3.0,,,3.0,7.0,8.0,8.0,5.0,14.0,13.0,13.0,12.0,12.0,12.0,11.5,12.5,12.0,,,,,,,,,,,,,,,,,,,,,,,,,,,,,,,,,,,,,,,,,,,,,,,,,,,,,,,,,,,,,,,1,1.0
424,,,,,,,,,,,,,,,,,,,3.0,,3.0,4.0,,,2.0,10.0,8.0,8.0,6.0,14.0,13.0,13.0,12.0,12.0,12.0,11.5,12.5,12.0,,,,,,,,,,,,,,,,,,,,,,,,,,,,,,,,,,,,,,,,,,,,,,,,,,,,,,,,,,,,,,,1,1.0
425,,,,,,,,,,,,,,,,,,,3.0,,5.0,4.0,,,5.0,8.0,8.0,8.0,6.0,14.0,13.0,13.0,12.0,12.0,12.0,11.5,12.5,12.0,,,,,,,,,,,,,,,,,,,,,,,,,,,,,,,,,,,,,,,,,,,,,,,,,,,,,,,,,,,,,,,1,1.0
427,,,,,,,,,,,,,,,,,,,3.0,,4.0,4.0,,,2.0,9.0,8.0,8.0,4.0,14.0,13.0,13.0,12.0,12.0,12.0,11.5,12.5,12.0,,,,,,,,,,,,,,,,,,,,,,,,,,,,,,,,,,,,,,,,,,,,,,,,,,,,,,,,,,,,,,,1,1.0
429,,,,,,,,,,,,,,,,,,,1.0,,3.0,5.0,,,3.0,9.0,8.0,9.0,4.0,14.0,13.0,13.0,12.0,12.0,12.0,11.5,12.5,12.0,,,,,,,,,,,,,,,,,,,,,,,,,,,,,,,,,,,,,,,,,,,,,,,,,,,,,,,,,,,,,,,1,1.0
430,,,,,,,,,,,,,,,,,,,3.0,,4.0,5.0,,,3.0,7.0,8.0,9.0,9.0,14.0,13.0,13.0,12.0,12.0,12.0,11.5,12.5,12.0,,,,,,,,,,,,,,,,,,,,,,,,,,,,,,,,,,,,,,,,,,,,,,,,,,,,,,,,,,,,,,,1,1.0
431,,,,,,,,,,,,,,,,,,,4.0,,5.0,5.0,,,3.0,10.0,8.0,10.0,4.0,14.0,13.0,13.0,12.0,12.0,12.0,11.5,12.5,12.0,,,,,,,,,,,,,,,,,,,,,,,,,,,,,,,,,,,,,,,,,,,,,,,,,,,,,,,,,,,,,,,1,1.0
435,,,,,,,,,,,,,,,,,,,3.0,,4.0,5.0,,,3.0,7.0,8.0,6.0,7.0,14.0,13.0,13.0,12.0,12.0,12.0,11.5,12.5,12.0,,,,,,,,,,,,,,,,,,,,,,,,,,,,,,,,,,,,,,,,,,,,,,,,,,,,,,,,,,,,,,,1,1.0
436,,,,,,,,,,,,,,,,,,,4.0,,5.0,5.0,,,4.0,7.0,8.0,7.0,6.0,14.0,13.0,13.0,12.0,12.0,12.0,11.5,12.5,12.0,,,,,,,,,,,,,,,,,,,,,,,,,,,,,,,,,,,,,,,,,,,,,,,,,,,,,,,,,,,,,,,1,1.0
437,,,,,,,,,,,,,,,,,,,2.0,,4.0,4.0,,,3.0,8.0,8.0,7.0,8.0,14.0,13.0,13.0,12.0,12.0,12.0,11.5,12.5,12.0,,,,,,,,,,,,,,,,,,,,,,,,,,,,,,,,,,,,,,,,,,,,,,,,,,,,,,,,,,,,,,,1,1.0
438,,,,,,,,,,,,,,,,,,,3.0,,4.0,4.0,,,4.0,8.0,8.0,7.0,4.0,14.0,13.0,13.0,12.0,12.0,12.0,11.5,12.5,12.0,,,,,,,,,,,,,,,,,,,,,,,,,,,,,,,,,,,,,,,,,,,,,,,,,,,,,,,,,,,,,,,1,1.0
442,,,,,,,,,,,,,,,,,,,4.0,,4.0,4.0,,,3.0,3.0,8.0,7.0,4.0,14.0,13.0,13.0,12.0,12.0,12.0,11.5,12.5,12.0,,,,,,,,,,,,,,,,,,,,,,,,,,,,,,,,,,,,,,,,,,,,,,,,,,,,,,,,,,,,,,,1,1.0
443,,,,,,,,,,,,,,,,,,,3.0,,1.0,2.0,,,4.0,9.0,8.0,8.0,6.0,14.0,13.0,13.0,12.0,12.0,12.0,11.5,12.5,12.0,,,,,,,,,,,,,,,,,,,,,,,,,,,,,,,,,,,,,,,,,,,,,,,,,,,,,,,,,,,,,,,1,1.0
447,,,,,,,,,,,,,,,,,,,2.0,,2.0,3.0,,,3.0,4.0,8.0,5.0,5.0,14.0,13.0,13.0,12.0,12.0,12.0,11.5,12.5,12.0,,,,,,,,,,,,,,,,,,,,,,,,,,,,,,,,,,,,,,,,,,,,,,,,,,,,,,,,,,,,,,,1,1.0
448,,,,,,,,,,,,,,,,,,,3.0,,5.0,5.0,,,4.0,7.0,8.0,6.0,5.0,14.0,13.0,13.0,12.0,12.0,12.0,11.5,12.5,12.0,,,,,,,,,,,,,,,,,,,,,,,,,,,,,,,,,,,,,,,,,,,,,,,,,,,,,,,,,,,,,,,1,1.0
449,,,,,,,,,,,,,,,,,,,3.0,,3.0,4.0,,,1.0,9.0,8.0,7.0,8.0,14.0,13.0,13.0,12.0,12.0,12.0,11.5,12.5,12.0,,,,,,,,,,,,,,,,,,,,,,,,,,,,,,,,,,,,,,,,,,,,,,,,,,,,,,,,,,,,,,,1,1.0
450,,,,,,,,,,,,,,,,,,,3.0,,3.0,4.0,,,3.0,9.0,8.0,7.0,4.0,14.0,13.0,13.0,12.0,12.0,12.0,11.5,12.5,12.0,,,,,,,,,,,,,,,,,,,,,,,,,,,,,,,,,,,,,,,,,,,,,,,,,,,,,,,,,,,,,,,1,1.0
451,,,,,,,,,,,,,,,,,,,2.0,,5.0,5.0,,,5.0,7.0,8.0,8.0,7.0,14.0,13.0,13.0,12.0,12.0,12.0,11.5,12.5,12.0,,,,,,,,,,,,,,,,,,,,,,,,,,,,,,,,,,,,,,,,,,,,,,,,,,,,,,,,,,,,,,,1,1.0
452,,,,,,,,,,,,,,,,,,,3.0,,4.0,5.0,,,5.0,8.0,8.0,7.0,7.0,14.0,13.0,13.0,12.0,12.0,12.0,11.5,12.5,12.0,,,,,,,,,,,,,,,,,,,,,,,,,,,,,,,,,,,,,,,,,,,,,,,,,,,,,,,,,,,,,,,1,1.0
453,,,,,,,,,,,,,,,,,,,1.0,,1.0,1.0,,,1.0,4.0,8.0,9.0,5.0,14.0,13.0,13.0,12.0,12.0,12.0,11.5,12.5,12.0,,,,,,,,,,,,,,,,,,,,,,,,,,,,,,,,,,,,,,,,,,,,,,,,,,,,,,,,,,,,,,,1,1.0
454,,,,,,,,,,,,,,,,,,,4.0,,4.0,5.0,,,4.0,1.0,9.0,6.0,10.0,14.0,13.0,13.0,12.0,12.0,12.0,11.5,12.5,12.0,,,,,,,,,,,,,,,,,,,,,,,,,,,,,,,,,,,,,,,,,,,,,,,,,,,,,,,,,,,,,,,1,1.0
455,,,,,,,,,,,,,,,,,,,3.0,,3.0,4.0,,,3.0,8.0,9.0,8.0,6.0,14.0,13.0,13.0,12.0,12.0,12.0,11.5,12.5,12.0,,,,,,,,,,,,,,,,,,,,,,,,,,,,,,,,,,,,,,,,,,,,,,,,,,,,,,,,,,,,,,,1,1.0
457,,,,,,,,,,,,,,,,,,,3.0,,5.0,5.0,,,3.0,8.0,9.0,7.0,7.0,14.0,13.0,13.0,12.0,12.0,12.0,11.5,12.5,12.0,,,,,,,,,,,,,,,,,,,,,,,,,,,,,,,,,,,,,,,,,,,,,,,,,,,,,,,,,,,,,,,1,1.0
458,,,,,,,,,,,,,,,,,,,3.0,,5.0,5.0,,,4.0,8.0,9.0,8.0,8.0,14.0,13.0,13.0,12.0,12.0,12.0,11.5,12.5,12.0,,,,,,,,,,,,,,,,,,,,,,,,,,,,,,,,,,,,,,,,,,,,,,,,,,,,,,,,,,,,,,,1,1.0
459,,,,,,,,,,,,,,,,,,,3.0,,4.0,4.0,,,3.0,8.0,9.0,8.0,9.0,14.0,13.0,13.0,12.0,12.0,12.0,11.5,12.5,12.0,,,,,,,,,,,,,,,,,,,,,,,,,,,,,,,,,,,,,,,,,,,,,,,,,,,,,,,,,,,,,,,1,1.0
460,,,,,,,,,,,,,,,,,,,3.0,,5.0,5.0,,,3.0,7.0,9.0,8.0,7.0,14.0,13.0,13.0,12.0,12.0,12.0,11.5,12.5,12.0,,,,,,,,,,,,,,,,,,,,,,,,,,,,,,,,,,,,,,,,,,,,,,,,,,,,,,,,,,,,,,,1,1.0
461,,,,,,,,,,,,,,,,,,,3.0,,4.0,4.0,,,4.0,8.0,9.0,8.0,10.0,14.0,13.0,13.0,12.0,12.0,12.0,11.5,12.5,12.0,,,,,,,,,,,,,,,,,,,,,,,,,,,,,,,,,,,,,,,,,,,,,,,,,,,,,,,,,,,,,,,1,1.0
462,,,,,,,,,,,,,,,,,,,3.0,,4.0,5.0,,,2.0,2.0,9.0,9.0,10.0,14.0,13.0,13.0,12.0,12.0,12.0,11.5,12.5,12.0,,,,,,,,,,,,,,,,,,,,,,,,,,,,,,,,,,,,,,,,,,,,,,,,,,,,,,,,,,,,,,,1,1.0
463,,,,,,,,,,,,,,,,,,,2.0,,4.0,4.0,,,3.0,10.0,9.0,9.0,9.0,14.0,13.0,13.0,12.0,12.0,12.0,11.5,12.5,12.0,,,,,,,,,,,,,,,,,,,,,,,,,,,,,,,,,,,,,,,,,,,,,,,,,,,,,,,,,,,,,,,1,1.0
464,,,,,,,,,,,,,,,,,,,3.0,,3.0,3.0,,,5.0,7.0,9.0,8.0,10.0,14.0,13.0,13.0,12.0,12.0,12.0,11.5,12.5,12.0,,,,,,,,,,,,,,,,,,,,,,,,,,,,,,,,,,,,,,,,,,,,,,,,,,,,,,,,,,,,,,,1,1.0
465,,,,,,,,,,,,,,,,,,,3.0,,5.0,5.0,,,1.0,9.0,9.0,8.0,5.0,14.0,13.0,13.0,12.0,12.0,12.0,11.5,12.5,12.0,,,,,,,,,,,,,,,,,,,,,,,,,,,,,,,,,,,,,,,,,,,,,,,,,,,,,,,,,,,,,,,1,1.0
466,,,,,,,,,,,,,,,,,,,3.0,,4.0,3.0,,,3.0,6.0,9.0,8.0,7.0,14.0,13.0,13.0,12.0,12.0,12.0,11.5,12.5,12.0,,,,,,,,,,,,,,,,,,,,,,,,,,,,,,,,,,,,,,,,,,,,,,,,,,,,,,,,,,,,,,,1,1.0
467,,,,,,,,,,,,,,,,,,,3.0,,5.0,5.0,,,4.0,10.0,9.0,9.0,10.0,14.0,13.0,13.0,12.0,12.0,12.0,11.5,12.5,12.0,,,,,,,,,,,,,,,,,,,,,,,,,,,,,,,,,,,,,,,,,,,,,,,,,,,,,,,,,,,,,,,1,1.0
468,,,,,,,,,,,,,,,,,,,2.0,,2.0,4.0,,,3.0,9.0,9.0,9.0,8.0,14.0,13.0,13.0,12.0,12.0,12.0,11.5,12.5,12.0,,,,,,,,,,,,,,,,,,,,,,,,,,,,,,,,,,,,,,,,,,,,,,,,,,,,,,,,,,,,,,,1,1.0
469,,,,,,,,,,,,,,,,,,,3.0,,3.0,5.0,,,3.0,7.0,9.0,10.0,8.0,14.0,13.0,13.0,12.0,12.0,12.0,11.5,12.5,12.0,,,,,,,,,,,,,,,,,,,,,,,,,,,,,,,,,,,,,,,,,,,,,,,,,,,,,,,,,,,,,,,1,1.0
470,,,,,,,,,,,,,,,,,,,3.0,,5.0,5.0,,,3.0,8.0,9.0,8.0,7.0,14.0,13.0,13.0,12.0,12.0,12.0,11.5,12.5,12.0,,,,,,,,,,,,,,,,,,,,,,,,,,,,,,,,,,,,,,,,,,,,,,,,,,,,,,,,,,,,,,,1,1.0
471,,,,,,,,,,,,,,,,,,,3.0,,5.0,5.0,,,3.0,9.0,9.0,10.0,10.0,14.0,13.0,13.0,12.0,12.0,12.0,11.5,12.5,12.0,,,,,,,,,,,,,,,,,,,,,,,,,,,,,,,,,,,,,,,,,,,,,,,,,,,,,,,,,,,,,,,1,1.0
472,,,,,,,,,,,,,,,,,,,3.0,,3.0,3.0,,,5.0,8.0,10.0,10.0,10.0,14.0,13.0,13.0,12.0,12.0,12.0,11.5,12.5,12.0,,,,,,,,,,,,,,,,,,,,,,,,,,,,,,,,,,,,,,,,,,,,,,,,,,,,,,,,,,,,,,,1,1.0
473,,,,,,,,,,,,,,,,,,,3.0,,4.0,3.0,,,4.0,8.0,10.0,8.0,7.0,14.0,13.0,13.0,12.0,12.0,12.0,11.5,12.5,12.0,,,,,,,,,,,,,,,,,,,,,,,,,,,,,,,,,,,,,,,,,,,,,,,,,,,,,,,,,,,,,,,1,1.0
474,,,,,,,,,,,,,,,,,,,3.0,,5.0,5.0,,,3.0,6.0,10.0,8.0,9.0,14.0,13.0,13.0,12.0,12.0,12.0,11.5,12.5,12.0,,,,,,,,,,,,,,,,,,,,,,,,,,,,,,,,,,,,,,,,,,,,,,,,,,,,,,,,,,,,,,,1,1.0
