record_id,gender,study_year,bac_specialty,study_hours_per_week,preferred_study_place,preferred_study_time,learning_methods,study_resources,uses_planner,problem_1,problem_2,problem_3,problem_4,problem_5,problem_6,problem_7,problem_8,other_problems,program_satisfaction,external_activities,motivation_level,ai_interest,feedback_influence,sleep_hours,stress_management,english_level,programming_level,computer_science_level,mathematics_level,4 forth,how do others feedbacks influence you,year_ordinal,inferred_year_from_grades,y2_avg_s1,y2_avg_s2,y2_avg,2y dsa 2,2y logic,2y mathematical analysis 2,2y databases,2y probability,2y web development,2y introduction to business,2y theory of computing,2y operating systems,2y computer architecture,2y statistical inference,2y introduction to ai,2y mathematical analysis 3,2y electronic circuits labs,2y analysis iii,2y dsa,2y archi 1,2y complexity,2y proba stat ii,2y lin alg ii,2y intro ai,2y oper res,2y archi ii,2y oper syst,2y soft eng,2y web prog,2y intro busin
4,1,1,0,0,1,2,46,29,0,6,2,4,1,5,0,5,3,2,3.0,1,5.0,5.0,1,1,3.0,8.0,8.0,8.0,7.0,1,3,2,2.0,0,9.0,10.0,1,2,1,1,1,0,2,1,1,1,1,1,2,2,0,0,1,1,1,2,1,1,2,2,1,2,0
6,0,2,0,0,1,0,16,27,1,4,2,1,6,5,0,3,7,1,3.0,0,4.0,5.0,1,1,3.0,7.0,7.0,5.0,3.0,0,3,3,2.0,1,9.0,10.0,1,2,1,1,1,0,2,1,1,1,1,1,2,2,0,0,1,1,1,2,1,1,2,2,1,2,0
12,1,1,0,0,1,1,17,29,0,7,4,1,6,2,5,3,5,0,2.0,1,3.0,4.0,2,0,5.0,8.0,6.0,6.0,6.0,1,3,2,2.0,8,9.0,10.0,1,2,1,1,1,0,2,1,1,1,1,1,2,2,0,0,1,1,1,2,1,1,2,2,1,2,0
18,1,2,0,0,1,0,0,14,0,5,2,6,1,4,7,0,3,5,3.0,1,5.0,4.0,2,1,3.0,6.0,8.0,8.0,7.0,0,3,3,2.0,2,10.0,11.0,0,0,0,0,3,3,0,0,0,2,0,1,0,0,0,0,1,1,1,2,1,1,2,2,1,2,0
28,0,1,1,1,1,0,45,20,1,4,2,1,7,7,0,3,5,2,2.0,1,3.0,5.0,2,0,1.0,7.0,5.0,6.0,7.0,1,3,2,2.0,7,9.0,9.0,0,0,0,0,3,3,0,0,0,2,0,1,0,0,0,0,1,1,1,2,1,1,2,2,1,2,0
29,1,2,0,1,2,2,35,29,0,2,4,1,5,7,6,0,3,1,3.0,1,4.0,3.0,2,0,2.0,6.0,6.0,6.0,7.0,0,3,3,2.0,1,11.0,11.0,0,0,0,0,3,3,0,0,0,2,0,1,0,0,0,0,1,1,1,2,1,1,2,2,1,2,0
30,1,2,1,0,2,0,32,20,0,5,1,4,2,6,7,0,3,1,2.0,0,4.0,3.0,2,0,3.0,5.0,4.0,4.0,5.0,0,3,3,2.0,1,12.0,12.0,1,2,0,1,1,2,0,1,2,2,0,2,0,2,0,0,1,1,1,2,1,1,2,2,1,2,0
45,0,0,2,0,2,0,34,13,1,4,1,6,3,2,5,7,0,10,2.0,1,2.0,3.0,2,0,1.0,7.0,2.0,5.0,2.0,8,2,4,3.0,1,9.0,10.0,1,0,2,0,2,4,3,1,1,4,2,3,2,2,0,0,1,1,1,2,1,1,2,2,1,2,0
48,1,2,0,0,1,0,34,28,0,4,7,2,1,6,5,0,3,1,2.0,1,3.0,3.0,2,0,3.0,6.0,7.0,7.0,8.0,0,3,3,2.0,1,9.0,10.0,1,2,1,1,1,1,2,0,2,2,2,1,2,1,0,0,1,1,1,2,1,1,2,2,1,2,0
58,1,2,1,0,2,0,39,29,0,6,2,1,4,7,1,5,3,1,2.0,0,3.0,5.0,1,0,3.0,6.0,7.0,7.0,6.0,0,3,3,2.0,2,10.0,11.0,0,2,1,1,2,3,2,1,2,2,2,1,2,2,0,0,1,1,1,2,1,1,2,2,1,2,0
63,0,1,1,1,2,1,39,13,1,6,4,2,4,0,5,3,7,2,2.0,1,3.0,5.0,0,0,4.0,8.0,6.0,7.0,8.0,1,3,2,2.0,8,10.0,9.0,0,2,1,1,2,3,2,1,2,2,2,1,2,2,0,0,1,1,1,2,1,1,2,2,1,2,0
72,1,1,1,1,2,0,35,0,0,2,4,1,6,7,5,0,3,2,3.0,1,4.0,5.0,2,1,4.0,6.0,7.0,6.0,5.0,1,3,2,2.0,1,10.0,9.0,0,2,1,1,2,3,2,1,2,2,2,1,2,2,0,0,1,1,1,2,1,1,2,2,1,2,0
73,1,2,0,0,2,1,43,20,0,6,4,1,2,0,7,5,3,1,3.0,1,4.0,4.0,0,1,4.0,7.0,6.0,7.0,5.0,0,3,3,2.0,2,11.0,12.0,0,2,1,1,1,3,0,1,0,2,0,2,1,0,0,0,1,1,1,2,1,1,2,2,1,2,0
78,1,0,2,0,2,0,44,14,1,5,2,4,6,4,0,1,3,8,1.0,0,2.0,3.0,2,1,2.0,7.0,5.0,5.0,5.0,8,2,4,3.0,2,8.0,10.0,0,2,1,1,1,3,0,1,0,2,0,2,1,0,0,0,1,1,1,2,1,1,2,2,1,2,0
80,1,0,2,0,0,1,40,8,0,4,6,1,3,0,5,7,2,8,2.0,0,3.0,4.0,2,0,3.0,7.0,7.0,7.0,6.0,8,2,4,3.0,2,14.0,13.0,1,2,0,0,2,0,0,0,0,2,2,2,0,2,0,0,1,1,1,2,1,1,2,2,1,2,0
83,1,2,0,0,2,0,45,8,1,2,4,5,6,1,3,7,0,1,3.0,0,3.0,3.0,0,1,2.0,7.0,6.0,6.0,7.0,0,3,3,2.0,3,12.0,12.0,1,2,0,0,2,0,0,0,0,2,2,2,0,2,0,0,1,1,1,2,1,1,2,2,1,2,0
84,0,0,0,0,2,0,12,29,1,2,0,1,4,3,5,6,7,8,2.0,1,4.0,4.0,2,0,4.0,9.0,7.0,9.0,8.0,8,2,4,3.0,2,11.0,12.0,1,2,0,0,2,0,0,0,0,2,2,2,0,2,0,0,1,1,1,2,1,1,2,2,1,2,0
85,0,2,1,2,0,0,33,26,0,2,4,6,1,0,5,7,3,1,2.0,0,2.0,4.0,0,0,5.0,8.0,7.0,6.0,7.0,0,3,3,2.0,3,12.0,13.0,1,2,0,0,2,0,0,0,0,2,2,2,0,2,0,0,1,1,1,2,1,1,2,2,1,2,0
86,0,0,0,0,2,1,8,20,1,6,2,1,0,3,5,4,4,8,2.0,0,3.0,4.0,2,0,2.0,9.0,7.0,7.0,6.0,8,2,4,3.0,1,12.0,11.0,1,2,0,0,2,0,0,0,0,2,2,2,0,2,0,0,1,1,1,2,1,1,2,2,1,2,0
93,0,1,0,1,0,0,34,29,1,2,4,5,1,0,6,7,3,9,3.0,1,4.0,5.0,0,1,1.0,9.0,5.0,6.0,7.0,1,3,2,2.0,8,9.0,9.0,1,2,0,0,2,0,0,0,0,2,2,2,0,2,0,0,1,1,1,2,1,1,2,2,1,2,0
96,0,2,1,1,0,1,9,10,0,2,1,6,4,5,0,7,3,1,2.0,0,3.0,4.0,0,0,3.0,7.0,6.0,6.0,6.0,0,3,3,2.0,3,12.0,12.0,0,0,0,1,1,0,2,0,2,2,1,2,0,2,0,0,1,1,1,2,1,1,2,2,1,2,0
100,0,2,1,0,0,0,15,13,0,2,4,6,5,1,3,0,7,6,3.0,1,4.0,5.0,1,0,4.0,7.0,8.0,7.0,7.0,0,3,3,2.0,3,12.0,12.0,0,2,2,0,1,0,2,1,2,0,2,2,2,2,0,0,1,1,1,2,1,1,2,2,1,2,0
103,0,2,0,0,0,0,32,29,0,1,0,6,4,4,7,2,5,1,2.0,1,2.0,2.0,2,1,4.0,7.0,7.0,7.0,9.0,0,3,3,3.0,2,11.0,11.0,1,0,0,0,2,0,0,1,2,0,2,2,0,0,0,0,1,1,1,2,1,1,2,2,1,2,0
105,0,2,2,1,1,2,13,29,1,2,4,6,1,0,5,3,7,1,3.0,1,3.0,5.0,1,0,4.0,8.0,7.0,8.0,7.0,0,3,3,2.0,2,12.0,12.0,1,2,0,1,2,0,2,1,2,2,0,2,0,2,0,0,1,1,1,2,1,1,2,2,1,2,0
107,0,2,1,1,0,1,15,20,1,2,4,1,6,0,5,6,3,1,3.0,0,3.0,5.0,1,0,3.0,8.0,8.0,8.0,8.0,0,3,3,2.0,3,11.0,13.0,1,2,0,1,2,0,2,1,2,2,0,2,0,2,0,0,1,1,1,2,1,1,2,2,1,2,0
119,1,2,0,0,0,0,16,27,0,2,1,6,3,4,0,5,7,1,2.0,1,3.0,4.0,2,0,3.0,8.0,8.0,7.0,7.0,0,3,3,2.0,1,11.0,11.0,1,2,0,1,2,0,2,1,2,2,0,2,0,2,0,0,1,1,1,2,1,1,2,2,1,2,0
122,0,0,0,1,2,0,37,10,1,0,4,1,2,3,6,5,7,8,4.0,1,2.0,5.0,1,0,3.0,8.0,9.0,9.0,9.0,8,2,4,3.0,3,11.0,12.0,1,2,0,1,2,0,2,1,2,2,0,2,0,2,0,0,1,1,1,2,1,1,2,2,1,2,0
128,0,2,1,3,2,0,40,27,0,4,2,0,5,6,1,7,3,1,3.0,1,5.0,5.0,1,0,4.0,8.0,9.0,8.0,7.0,0,3,3,2.0,4,14.0,14.0,1,1,0,1,1,0,0,1,2,2,1,2,0,2,0,0,1,1,1,2,1,1,2,2,1,2,0
131,1,2,1,0,0,1,14,30,0,7,1,6,2,4,5,0,3,1,4.0,1,3.0,3.0,1,1,5.0,7.0,7.0,7.0,7.0,0,3,3,2.0,1,14.0,12.0,0,2,1,0,2,0,2,0,1,2,2,0,2,2,0,0,1,1,1,2,1,1,2,2,1,2,0
136,1,2,1,0,2,1,41,32,0,2,4,0,6,3,0,5,7,7,4.0,1,5.0,5.0,1,0,5.0,8.0,8.0,8.0,8.0,0,3,3,2.0,4,14.0,14.0,2,2,0,0,2,0,2,0,3,0,2,0,2,2,0,0,1,1,1,2,1,1,2,2,1,2,0
137,0,0,2,4,2,0,35,8,1,6,2,0,4,1,5,3,7,8,2.0,0,3.0,4.0,2,0,3.0,7.0,6.0,7.0,9.0,8,2,4,3.0,3,11.0,12.0,2,2,0,0,2,0,2,0,3,0,2,0,2,2,0,0,1,1,1,2,1,1,2,2,1,2,0
138,1,0,0,1,2,0,11,0,0,5,6,2,1,4,2,3,7,8,3.0,1,3.0,4.0,2,0,2.0,9.0,8.0,7.0,7.0,8,2,4,3.0,4,11.0,13.0,2,2,0,0,2,0,2,0,3,0,2,0,2,2,0,0,1,1,1,2,1,1,2,2,1,2,0
139,1,0,0,0,1,1,48,11,0,4,2,6,1,3,5,0,7,8,2.0,1,4.0,4.0,2,1,2.0,9.0,9.0,9.0,7.0,8,2,4,2.0,4,11.0,13.0,2,2,0,0,2,0,2,0,3,0,2,0,2,2,0,0,1,1,1,2,1,1,2,2,1,2,0
143,1,2,0,0,2,0,12,14,0,2,6,1,0,1,5,3,7,12,3.0,0,5.0,5.0,2,1,5.0,4.0,8.0,8.0,9.0,0,3,3,2.0,3,12.0,13.0,0,2,0,1,2,0,4,1,0,2,0,2,0,0,0,0,1,1,1,2,1,1,2,2,1,2,0
149,1,2,0,1,2,0,42,27,0,6,2,1,4,0,7,5,3,1,3.0,1,3.0,4.0,2,1,3.0,7.0,7.0,7.0,8.0,0,3,3,2.0,3,13.0,13.0,0,0,0,0,2,0,2,1,0,0,0,0,3,0,0,0,1,1,1,2,1,1,2,2,1,2,0
160,1,2,1,0,2,1,36,19,0,4,2,6,0,6,6,6,0,1,3.0,1,4.0,4.0,2,0,5.0,8.0,8.0,8.0,7.0,0,3,3,2.0,3,13.0,13.0,0,2,0,1,1,3,2,0,0,2,2,0,3,0,0,0,1,1,1,2,1,1,2,2,1,2,0
162,1,2,0,0,2,1,36,18,0,6,4,2,1,4,0,5,6,4,3.0,1,4.0,4.0,0,0,4.0,6.0,8.0,8.0,9.0,0,3,3,2.0,4,14.0,14.0,0,2,0,1,2,0,2,2,0,2,0,2,0,2,0,0,1,1,1,2,1,1,2,2,1,2,0
167,1,1,1,0,2,1,32,30,1,4,4,2,4,4,4,4,4,13,3.0,0,3.0,3.0,2,0,5.0,7.0,6.0,6.0,7.0,1,3,2,2.0,2,11.0,10.0,0,2,0,1,2,0,2,2,0,2,0,2,0,2,0,0,1,1,1,2,1,1,2,2,1,2,0
171,0,2,1,3,1,2,38,21,0,2,4,0,6,1,3,5,3,1,2.0,0,3.0,3.0,0,0,2.0,7.0,5.0,5.0,4.0,0,3,3,2.0,5,14.0,14.0,0,0,0,1,2,3,0,0,0,0,2,2,3,0,0,0,1,1,1,2,1,1,2,2,1,2,0
173,0,2,1,1,1,0,40,31,0,5,0,1,4,2,6,3,7,1,3.0,1,5.0,5.0,2,1,1.0,7.0,7.0,6.0,5.0,0,3,3,2.0,2,12.0,12.0,1,2,0,1,1,0,2,1,0,2,0,2,2,2,0,0,1,1,1,2,1,1,2,2,1,2,0
175,0,0,0,0,2,0,40,13,1,5,0,7,2,1,1,6,7,11,3.0,1,4.0,5.0,1,1,3.0,9.0,8.0,8.0,8.0,8,2,4,3.0,4,14.0,14.0,0,2,0,0,2,0,0,1,3,3,0,2,0,0,0,0,1,1,1,2,1,1,2,2,1,2,0
176,1,2,1,1,2,0,49,0,0,2,4,0,1,7,6,3,5,3,3.0,1,3.0,4.0,1,0,4.0,8.0,7.0,5.0,8.0,0,3,3,2.0,3,13.0,13.0,0,0,0,1,2,3,2,0,0,2,0,2,2,0,0,0,1,1,1,2,1,1,2,2,1,2,0
177,1,0,2,1,1,0,36,9,0,2,4,6,0,1,5,7,3,8,4.0,1,5.0,5.0,1,1,4.0,9.0,9.0,7.0,6.0,8,2,4,3.0,6,15.0,15.0,0,0,0,1,2,3,2,0,0,2,0,2,2,0,0,0,1,1,1,2,1,1,2,2,1,2,0
178,1,2,0,0,0,0,0,8,0,2,6,5,4,1,3,7,0,1,3.0,1,4.0,3.0,2,1,4.0,8.0,8.0,8.0,9.0,0,3,3,2.0,4,14.0,14.0,2,0,2,1,2,3,0,0,0,0,2,2,0,2,0,0,1,1,1,2,1,1,2,2,1,2,0
180,1,2,1,3,2,0,11,16,0,4,2,6,5,1,3,0,7,1,2.0,1,3.0,4.0,1,1,4.0,8.0,6.0,6.0,7.0,0,3,3,2.0,5,15.0,16.0,0,0,2,1,2,3,2,0,0,0,0,0,3,0,0,0,1,1,1,2,1,1,2,2,1,2,0
183,1,2,1,2,2,0,10,8,0,2,4,0,6,1,5,7,3,1,2.0,1,4.0,5.0,1,0,3.0,8.0,8.0,8.0,7.0,0,3,3,2.0,5,15.0,15.0,0,3,0,0,0,0,2,0,0,0,3,0,3,0,0,0,1,1,1,2,1,1,2,2,1,2,0
191,0,2,0,0,2,0,36,12,1,2,0,5,6,1,4,3,7,1,3.0,1,4.0,5.0,2,0,3.0,8.0,7.0,6.0,7.0,0,3,3,2.0,5,16.0,15.0,0,3,0,0,0,0,2,0,0,0,3,0,3,0,0,0,1,1,1,2,1,1,2,2,1,2,0
203,1,2,1,1,2,0,10,12,1,5,6,2,4,0,7,3,1,1,3.0,1,5.0,4.0,1,0,3.0,6.0,9.0,9.0,8.0,0,3,3,2.0,2,11.0,15.0,0,3,0,0,0,0,2,0,0,0,3,0,3,0,0,0,1,1,1,2,1,1,2,2,1,2,0
205,0,2,1,1,2,0,42,30,0,2,1,6,0,5,7,5,3,1,2.0,1,4.0,4.0,1,0,2.0,6.0,5.0,4.0,7.0,0,3,3,2.0,2,11.0,15.0,1,2,0,1,1,0,0,0,2,2,2,2,0,0,0,0,1,1,1,2,1,1,2,2,1,2,0
209,0,2,0,0,2,0,8,22,0,0,2,6,1,4,5,7,3,1,3.0,1,3.0,3.0,2,0,4.0,10.0,7.0,8.0,7.0,0,3,3,2.0,2,11.0,15.0,1,0,0,0,1,2,0,1,2,0,1,2,2,2,0,0,1,1,1,2,1,1,2,2,1,2,0
210,0,0,0,4,2,0,16,12,0,6,3,2,0,4,1,7,5,8,2.0,0,2.0,3.0,2,0,3.0,7.0,7.0,7.0,6.0,8,2,4,3.0,2,11.0,15.0,1,1,1,1,1,2,1,1,2,4,4,1,2,2,0,0,1,1,1,2,1,1,2,2,1,2,0
222,0,2,2,1,2,0,28,5,0,4,3,1,1,7,6,0,5,1,2.0,0,2.0,3.0,2,0,1.0,6.0,2.0,3.0,2.0,2,3,3,2.0,10,9.0,10.0,1,0,1,0,1,2,1,1,2,4,4,1,2,2,0,0,1,1,1,2,1,1,2,2,1,2,0
249,0,2,0,0,2,0,27,25,1,3,0,6,1,4,2,5,7,1,2.0,0,4.0,4.0,2,0,2.0,10.0,5.0,6.0,6.0,1,0,3,2.0,10,11.0,11.0,1,2,1,1,1,2,1,1,2,4,4,1,2,2,0,1,1,1,1,2,2,2,2,0,0,2,0
250,0,2,0,0,0,2,19,6,0,2,1,4,1,0,4,3,5,1,3.0,1,3.0,3.0,2,0,3.0,5.0,5.0,5.0,5.0,7,1,3,2.0,9,11.0,12.0,1,2,1,0,1,2,1,1,2,4,4,1,2,2,0,1,1,0,1,0,2,0,2,0,1,2,0
266,1,2,0,1,2,2,0,15,1,6,4,1,1,2,0,3,5,1,2.0,0,3.0,4.0,2,0,4.0,7.0,5.0,5.0,7.0,7,1,3,2.0,9,14.0,14.0,1,0,1,0,1,2,1,1,2,4,4,1,2,2,2,0,1,0,0,0,2,0,0,3,0,0,0
285,0,2,0,3,0,0,23,24,1,6,7,2,1,1,5,3,0,1,2.0,1,1.0,3.0,2,0,4.0,10.0,5.0,8.0,8.0,4,3,3,2.0,10,10.0,10.0,1,2,1,0,1,2,1,1,2,4,4,1,2,2,0,1,1,1,1,2,1,2,2,0,1,2,0
288,0,2,0,3,1,0,1,25,1,2,0,4,1,7,3,1,5,1,2.0,0,4.0,4.0,2,1,2.0,7.0,6.0,9.0,8.0,6,3,3,2.0,10,10.0,10.0,1,2,1,0,1,2,1,1,2,4,4,1,2,2,1,1,1,0,1,2,1,1,2,2,0,2,0
297,0,2,0,3,2,0,46,24,0,4,2,6,1,0,1,5,7,1,2.0,0,2.0,3.0,2,0,3.0,6.0,6.0,6.0,5.0,3,3,3,2.0,9,12.0,13.0,1,0,1,0,1,2,1,1,2,4,4,1,2,2,2,0,1,0,0,2,2,2,0,0,0,0,0
298,1,2,2,0,1,1,26,6,0,6,2,0,1,2,1,5,7,1,3.0,1,4.0,5.0,2,0,5.0,7.0,6.0,7.0,7.0,4,3,3,2.0,9,13.0,13.0,1,0,1,0,1,2,1,1,2,4,4,1,2,2,0,0,0,0,1,0,0,2,0,0,0,0,0
299,0,2,0,0,2,1,31,24,0,0,2,5,1,4,1,7,3,1,2.0,1,1.0,4.0,2,1,2.0,8.0,6.0,7.0,8.0,1,3,3,2.0,9,13.0,13.0,1,0,1,0,1,2,1,1,2,4,4,1,2,2,0,0,1,1,0,2,2,0,0,0,0,0,0
308,0,2,0,2,1,0,1,24,0,1,3,4,1,0,1,7,6,1,3.0,1,4.0,4.0,2,0,2.0,8.0,6.0,6.0,7.0,5,3,3,2.0,10,10.0,10.0,1,2,1,1,1,2,1,1,2,4,4,1,2,2,1,1,1,1,1,2,2,2,2,2,0,2,0
309,0,2,2,1,2,0,4,24,0,5,3,0,1,2,4,6,7,1,2.0,1,3.0,4.0,2,0,3.0,7.0,6.0,6.0,6.0,1,3,3,2.0,9,11.0,11.0,1,0,1,0,1,2,1,1,2,4,4,1,2,2,0,0,0,1,1,2,1,2,2,2,0,2,0
313,0,2,0,1,2,0,1,24,0,0,4,2,1,1,1,6,4,1,3.0,0,3.0,5.0,2,0,2.0,9.0,6.0,6.0,5.0,0,3,3,2.0,10,10.0,10.0,1,2,1,1,1,2,1,1,2,4,4,1,2,2,0,1,1,1,1,2,1,2,2,0,1,2,0
324,0,2,0,1,0,0,2,25,0,1,6,4,1,0,3,7,5,1,3.0,1,3.0,4.0,2,0,2.0,10.0,6.0,6.0,8.0,2,3,3,2.0,10,10.0,10.0,1,2,1,0,1,2,1,1,2,4,4,1,2,2,0,0,1,1,1,1,1,2,2,0,1,2,0
325,0,2,0,0,2,0,2,25,1,1,6,0,1,4,3,7,2,1,3.0,1,3.0,3.0,2,0,4.0,8.0,6.0,6.0,8.0,5,3,3,2.0,9,9.0,11.0,1,0,1,0,1,2,1,1,2,4,4,1,2,2,2,0,1,1,1,2,1,2,2,2,1,2,0
332,0,2,0,0,2,0,46,7,0,0,0,0,1,0,0,0,4,1,2.0,0,3.0,3.0,2,0,3.0,8.0,7.0,7.0,9.0,4,3,3,2.0,10,9.0,9.0,1,2,1,1,1,2,1,1,2,4,4,1,2,2,0,1,1,1,1,2,1,2,1,0,1,2,1
333,1,2,0,0,2,0,0,25,0,1,0,6,1,4,2,5,3,1,2.0,0,4.0,4.0,2,0,2.0,7.0,7.0,7.0,6.0,7,3,3,2.0,9,14.0,13.0,1,2,1,0,1,2,1,1,2,4,4,1,2,2,0,0,2,0,1,2,2,0,3,3,0,0,0
338,0,2,0,1,2,0,20,2,0,6,1,4,1,5,2,7,3,1,3.0,1,4.0,4.0,2,0,2.0,9.0,7.0,6.0,9.0,0,3,3,2.0,9,10.0,11.0,1,0,1,0,1,2,1,1,2,4,4,1,2,2,0,0,1,1,1,2,1,2,0,2,0,2,0
339,1,2,0,0,1,0,20,4,0,6,1,0,1,5,4,7,3,1,3.0,1,4.0,4.0,2,0,3.0,6.0,7.0,6.0,7.0,2,3,3,2.0,9,13.0,13.0,1,2,1,0,1,2,1,1,2,4,4,1,2,2,2,0,0,1,0,0,2,0,0,3,0,0,0
345,1,2,0,0,1,1,7,30,0,0,2,1,1,4,5,3,7,1,3.0,1,3.0,5.0,2,0,4.0,8.0,7.0,8.0,9.0,6,3,3,2.0,10,10.0,10.0,1,2,1,0,1,2,1,1,2,4,4,1,2,2,0,1,1,1,1,2,1,2,2,0,1,2,0
346,0,2,2,5,2,0,24,2,1,4,2,1,1,0,5,3,7,1,3.0,0,4.0,4.0,2,0,3.0,7.0,7.0,7.0,8.0,6,3,3,2.0,9,11.0,12.0,1,2,1,0,1,2,1,1,2,4,4,1,2,2,2,0,1,0,1,0,2,2,2,0,0,0,1
347,0,2,2,5,2,0,7,2,1,4,2,6,1,0,5,7,3,1,2.0,0,4.0,5.0,2,0,3.0,7.0,7.0,8.0,6.0,1,3,3,2.0,9,12.0,12.0,1,0,1,0,1,2,1,1,2,4,4,1,2,2,0,0,1,0,1,2,2,2,0,0,0,0,0
348,1,2,0,1,1,0,7,5,1,4,2,0,1,1,5,7,3,1,3.0,1,4.0,5.0,2,0,3.0,10.0,7.0,7.0,6.0,6,3,3,2.0,9,12.0,12.0,1,2,1,0,1,2,1,1,2,4,4,1,2,2,2,0,0,0,1,2,2,2,2,0,0,0,2
349,0,2,0,1,0,1,29,23,1,4,2,1,1,0,3,6,7,1,3.0,0,3.0,3.0,2,0,3.0,7.0,7.0,7.0,5.0,5,1,3,2.0,9,12.0,13.0,1,0,1,0,1,2,1,1,2,4,4,1,2,2,0,0,0,0,0,0,0,2,0,0,0,2,0
350,0,2,0,0,2,0,44,30,0,4,2,6,1,1,7,5,3,1,3.0,1,2.0,4.0,2,1,2.0,8.0,7.0,7.0,9.0,0,1,3,2.0,9,13.0,13.0,1,2,1,0,1,2,1,1,2,4,4,1,2,2,2,1,1,0,1,0,2,0,0,0,0,2,2
364,0,2,0,0,1,0,28,5,1,1,3,6,1,0,1,5,7,1,1.0,1,2.0,4.0,2,0,2.0,7.0,7.0,6.0,8.0,4,1,3,2.0,9,12.0,12.0,1,2,1,0,1,2,1,1,2,4,4,1,2,2,0,0,0,1,0,0,2,2,0,0,0,2,0
365,0,1,0,1,2,0,1,17,0,6,4,2,1,1,7,3,5,2,2.0,1,1.0,3.0,2,0,4.0,10.0,7.0,7.0,8.0,0,3,2,2.0,10,7.0,9.0,1,2,1,1,1,2,1,1,2,4,4,1,2,2,0,1,1,1,1,2,1,1,1,1,1,1,0
366,1,2,0,0,0,0,46,25,0,3,4,2,1,6,7,5,1,1,1.0,1,1.0,5.0,2,0,5.0,7.0,7.0,7.0,9.0,0,3,3,2.0,9,11.0,12.0,1,0,1,0,1,2,1,1,2,4,4,1,2,2,2,0,0,0,1,2,2,2,2,0,0,2,0
367,1,2,2,1,2,0,2,5,0,0,4,2,1,6,7,3,5,1,2.0,0,3.0,4.0,2,1,3.0,8.0,7.0,6.0,6.0,1,3,3,2.0,9,12.0,13.0,1,0,1,0,1,2,1,1,2,4,4,1,2,2,2,0,0,0,0,0,2,0,0,0,0,2,0
381,0,2,0,0,2,0,2,25,0,4,6,2,1,1,5,5,3,1,2.0,1,3.0,4.0,2,1,4.0,8.0,7.0,7.0,9.0,0,3,3,2.0,9,10.0,11.0,1,2,1,0,1,2,1,1,2,4,4,1,2,2,0,0,1,1,1,2,1,2,2,2,1,2,0
394,0,2,0,0,1,0,18,7,0,5,0,1,1,4,2,6,7,1,3.0,0,1.0,1.0,2,1,3.0,8.0,8.0,6.0,2.0,3,0,3,2.0,10,11.0,11.0,1,2,1,0,1,2,1,1,2,4,4,1,2,2,0,0,1,0,1,0,1,2,0,0,1,0,0
405,0,2,0,2,2,0,27,2,0,4,1,6,1,0,5,7,3,1,2.0,0,3.0,4.0,2,0,3.0,7.0,8.0,6.0,6.0,2,1,3,2.0,10,11.0,11.0,1,2,1,0,1,2,1,1,2,4,4,1,2,2,0,0,1,1,1,2,2,2,2,2,0,0,0
406,1,2,0,1,2,0,3,1,0,5,1,3,1,3,2,0,7,1,3.0,1,4.0,5.0,2,0,3.0,9.0,8.0,8.0,7.0,6,3,3,2.0,9,11.0,13.0,1,2,1,0,1,2,1,1,2,4,4,1,2,2,2,0,0,0,0,0,1,2,0,0,0,0,0
407,1,2,0,1,2,0,29,25,0,0,1,6,1,3,4,7,5,1,3.0,0,5.0,5.0,2,0,4.0,7.0,8.0,8.0,8.0,2,1,3,2.0,9,12.0,13.0,1,0,1,0,1,2,1,1,2,4,4,1,2,2,2,0,1,0,0,0,2,0,0,0,0,0,0
408,0,2,0,3,1,0,47,25,1,4,1,2,1,0,5,3,7,1,2.0,0,4.0,5.0,2,0,4.0,8.0,8.0,8.0,7.0,6,3,3,2.0,9,12.0,13.0,1,0,1,2,1,2,1,1,2,4,4,1,2,2,0,0,0,0,0,0,1,2,0,0,0,0,0
409,0,2,0,0,2,0,18,16,1,0,1,5,1,4,2,3,3,1,4.0,0,4.0,4.0,2,0,3.0,9.0,8.0,9.0,4.0,6,3,3,2.0,9,13.0,13.0,1,0,1,0,1,2,1,1,2,4,4,1,2,2,0,0,0,0,0,2,2,0,0,0,0,0,0
410,0,2,0,0,2,0,1,25,0,0,1,6,1,2,4,3,7,1,3.0,1,3.0,2.0,2,0,3.0,9.0,8.0,7.0,7.0,5,1,3,2.0,9,12.0,14.0,1,0,1,0,1,2,1,1,2,4,4,1,2,2,2,2,0,2,0,0,2,0,0,0,0,2,0
411,0,2,0,0,2,0,6,5,1,6,1,0,1,6,6,6,6,1,3.0,0,3.0,5.0,2,0,4.0,9.0,8.0,8.0,7.0,6,1,3,2.0,9,13.0,14.0,1,0,1,0,1,2,1,1,2,4,4,1,2,2,2,0,2,2,0,0,2,2,0,0,0,0,0
416,0,2,0,0,2,0,7,24,1,0,2,4,1,3,5,1,7,1,3.0,0,3.0,4.0,2,0,3.0,9.0,8.0,7.0,7.0,6,3,3,2.0,9,12.0,13.0,1,0,1,0,1,2,1,1,2,4,4,1,2,2,2,0,0,0,1,2,2,2,0,0,0,0,2
417,0,2,0,0,2,1,25,23,0,6,2,1,1,0,5,3,7,1,2.0,1,3.0,5.0,2,0,3.0,8.0,8.0,8.0,9.0,4,3,3,2.0,9,12.0,13.0,1,2,1,0,1,2,1,1,2,4,4,1,2,2,2,0,1,0,0,0,2,2,2,0,0,0,0
432,0,1,0,1,0,0,29,2,1,1,4,2,1,3,5,6,7,2,3.0,0,5.0,5.0,2,0,4.0,9.0,8.0,8.0,8.0,0,3,2,2.0,9,9.0,11.0,1,0,1,0,1,2,1,1,2,4,4,1,2,2,0,0,1,1,1,2,1,1,1,2,0,2,2
433,0,2,2,2,1,1,22,25,1,0,4,6,1,1,7,0,0,1,2.0,1,3.0,5.0,2,0,3.0,8.0,8.0,8.0,6.0,2,1,3,2.0,9,11.0,12.0,1,2,1,0,1,2,1,1,2,4,4,1,2,2,2,0,0,0,1,2,1,0,0,0,0,0,0
434,1,2,0,1,1,0,1,2,0,5,4,2,1,3,6,1,7,1,3.0,0,4.0,4.0,2,1,3.0,7.0,8.0,7.0,7.0,0,3,3,2.0,11,15.0,16.0,1,3,1,0,1,2,1,1,2,4,4,1,2,2,2,0,2,2,2,0,0,0,0,3,0,0,0
439,0,2,2,0,0,0,5,23,0,4,5,1,1,3,6,0,7,1,3.0,0,4.0,4.0,2,1,3.0,9.0,8.0,7.0,5.0,2,3,3,2.0,10,9.0,10.0,1,2,1,0,1,2,1,1,2,4,4,1,2,2,1,1,1,1,1,2,1,2,1,2,1,2,0
440,0,2,0,0,2,0,27,17,0,4,5,2,1,1,6,3,7,1,3.0,1,4.0,4.0,2,1,3.0,8.0,8.0,7.0,7.0,0,3,3,2.0,9,12.0,13.0,1,0,1,0,1,2,1,1,2,4,4,1,2,2,2,0,1,1,1,0,1,0,0,0,0,0,0
441,1,2,0,0,1,0,7,25,0,6,5,0,1,1,2,7,4,1,3.0,1,3.0,3.0,2,1,5.0,8.0,8.0,8.0,2.0,3,3,3,2.0,9,13.0,13.0,1,0,1,0,1,2,1,1,2,4,4,1,2,2,0,2,1,1,1,2,2,0,0,0,0,0,0
444,0,2,2,2,1,0,21,4,1,1,6,0,1,4,7,3,5,1,3.0,1,4.0,5.0,2,0,4.0,8.0,8.0,7.0,8.0,2,3,3,2.0,9,11.0,11.0,1,0,1,0,1,2,1,1,2,4,4,1,2,2,0,1,1,1,1,2,1,2,2,0,0,2,0
445,0,2,0,0,1,1,30,4,1,5,6,4,1,2,3,1,7,1,2.0,1,3.0,3.0,2,0,2.0,10.0,8.0,8.0,7.0,0,3,3,2.0,10,12.0,11.0,1,2,1,0,1,2,1,1,2,4,4,1,2,2,0,0,1,1,1,2,1,2,0,0,0,0,0
446,1,2,0,0,2,0,7,25,0,0,6,4,1,2,7,4,4,1,2.0,1,4.0,5.0,2,1,3.0,6.0,8.0,7.0,7.0,1,3,3,2.0,9,12.0,12.0,1,2,1,0,1,2,1,1,2,4,4,1,2,2,0,1,0,1,1,0,2,0,0,0,0,0,0
456,1,2,0,0,2,0,3,3,0,1,2,6,1,5,0,7,3,1,3.0,0,3.0,4.0,2,0,4.0,7.0,9.0,9.0,7.0,4,1,3,2.0,9,14.0,14.0,1,0,1,0,1,2,1,1,2,4,4,1,2,2,0,0,2,0,0,0,0,0,3,3,2,0,0
475,1,2,0,0,2,0,1,6,0,4,6,2,1,2,1,7,5,1,3.0,1,5.0,5.0,2,0,3.0,9.0,10.0,10.0,6.0,0,3,3,2.0,9,14.0,14.0,1,0,1,2,1,2,1,1,2,4,4,1,2,2,0,0,2,2,0,0,0,2,0,3,2,0,0
